﻿Management Unit,District,District Name,Stream Name,Catch Daily,Catch Cum.,Daily,Cumulative,In-River Estimate,Total Run
Bristol Bay East,321,Ugashik,Ugashik River,68000,245890,58434,125022,300000,14159472
Bristol Bay East,322,Egegik,Egegik River,374000,3523041,29904,871524,25000,14630974
Bristol Bay East,324,Naknek-Kvichak,Kvichak River,900000,6192063,643110,2542080,200000,16476530
Bristol Bay East,324,Naknek-Kvichak,Naknek River,900000,6192063,16092,1019106,0,14753556
Bristol Bay West,325,Nushagak,Igushik River,195000,3724270,16428,103902,0,13838352
Bristol Bay West,325,Nushagak,Nushagak River,195000,3724270,21532,416442,0,14150892
Bristol Bay West,325,Nushagak,Wood River,195000,3724270,85734,1921672,0,15656122
Bristol Bay West,326,Togiak,Togiak River,10000,49186,0,0,0,13734450