﻿Management Unit,District,District Name,Stream Name,Catch Daily,Catch Cum.,Daily,Cumulative,In-River Estimate,Total Run
Bristol Bay East,321,Ugashik,Ugashik River,110000,341867,16740,34842,70000,12652595
Bristol Bay East,322,Egegik,Egegik River,157000,1145586,96756,534642,80000,13162395
Bristol Bay East,324,Naknek-Kvichak,Alagnak River,147000,606439,51816,64842,0,12612595
Bristol Bay East,324,Naknek-Kvichak,Kvichak River,147000,606439,73500,92784,75000,12715537
Bristol Bay East,324,Naknek-Kvichak,Naknek River,147000,606439,15738,505800,0,13053553
Bristol Bay West,325,Nushagak,Igushik River,835000,10421369,22086,142554,0,12690307
Bristol Bay West,325,Nushagak,Nushagak River,835000,10421369,32055,415546,0,12963299
Bristol Bay West,325,Nushagak,Wood River,835000,10421369,247932,3322998,0,15870751
Bristol Bay West,326,Togiak,Togiak River,12000,32492,420,420,0,12548173