﻿Management Unit,District,District Name,Stream Name,Catch Daily,Catch Cum.,Daily,Cumulative,In-River Estimate,Total Run
Bristol Bay East,321,Ugashik,Ugashik River,0,0,0,0,0,109524
Bristol Bay East,322,Egegik,Egegik River,42000,99350,30252,70308,0,179832
Bristol Bay East,324,Naknek-Kvichak,Kvichak River,6300,9722,60,336,0,109860
Bristol Bay East,324,Naknek-Kvichak,Naknek River,6300,9722,126,486,0,110010
Bristol Bay West,325,Nushagak,Igushik River,0,0,282,282,0,109806
Bristol Bay West,325,Nushagak,Nushagak River,0,0,4210,22058,0,131582
Bristol Bay West,325,Nushagak,Wood River,0,0,5532,11796,0,121320
Bristol Bay West,326,Togiak,Togiak River,18,452,0,0,0,109524