﻿Management Unit,District,District Name,Stream Name,Catch Daily,Catch Cum.,Daily,Cumulative,In-River Estimate,Total Run
Bristol Bay East,321,Ugashik,Ugashik River,1300,139637,114,114,15000,4679283
Bristol Bay East,322,Egegik,Egegik River,0,1400913,6856,196042,15000,4875211
Bristol Bay East,324,Naknek-Kvichak,Kvichak River,41000,77622,240,1704,0,4665873
Bristol Bay East,324,Naknek-Kvichak,Naknek River,41000,77622,11118,30282,0,4694451
Bristol Bay West,325,Nushagak,Igushik River,580000,3027895,11304,60018,0,4724187
Bristol Bay West,325,Nushagak,Nushagak River,580000,3027895,45749,937326,0,5601495
Bristol Bay West,325,Nushagak,Wood River,580000,3027895,136320,923268,0,5587437
Bristol Bay West,326,Togiak,Togiak River,8500,18102,0,0,0,4664169