﻿Management Unit,District,District Name,Stream Name,Catch Daily,Catch Cum.,Daily,Cumulative,In-River Estimate,Total Run
Bristol Bay East,321,Ugashik,Ugashik River,437,5347703,0,1564638,0,37358163
Bristol Bay East,322,Egegik,Egegik River,570,8325187,0,2160792,0,37954317
Bristol Bay East,324,Naknek-Kvichak,Kvichak River,1493,16411598,0,7341612,0,43135137
Bristol Bay East,324,Naknek-Kvichak,Naknek River,1493,16411598,0,1920954,0,37714479
Bristol Bay West,325,Nushagak,Igushik River,0,5416907,0,651172,0,36444697
Bristol Bay West,325,Nushagak,Nushagak River,0,5416907,0,796684,0,36590209
Bristol Bay West,325,Nushagak,Wood River,0,5416907,0,1941474,0,37734999
Bristol Bay West,326,Togiak,Togiak River,7677,292130,5808,205248,0,35998773