﻿Management Unit,District,District Name,Stream Name,Catch Daily,Catch Cum.,Daily,Cumulative,In-River Estimate,Total Run
Bristol Bay East,321,Ugashik,Ugashik River,66000,76180,2694,5394,80000,9984589
Bristol Bay East,322,Egegik,Egegik River,220000,2933451,82866,693402,100000,10692597
Bristol Bay East,324,Naknek-Kvichak,Kvichak River,380000,3937225,236292,850890,650000,11400085
Bristol Bay East,324,Naknek-Kvichak,Naknek River,380000,3937225,220260,788360,0,10687555
Bristol Bay West,325,Nushagak,Igushik River,400000,2938382,27774,45162,0,9944357
Bristol Bay West,325,Nushagak,Nushagak River,400000,2938382,30528,343508,0,10242703
Bristol Bay West,325,Nushagak,Wood River,400000,2938382,196456,1557970,0,11457165
Bristol Bay West,326,Togiak,Togiak River,0,13957,0,0,0,9899195