﻿Management Unit,District,District Name,Stream Name,Catch Daily,Catch Cum.,Daily,Cumulative,In-River Estimate,Total Run
Bristol Bay East,321,Ugashik,Ugashik River,0,1896461,23742,239160,60000,13539919
Bristol Bay East,322,Egegik,Egegik River,0,4186404,6204,813900,10000,14064659
Bristol Bay East,324,Naknek-Kvichak,Kvichak River,0,4084442,22500,1616118,70000,14926877
Bristol Bay East,324,Naknek-Kvichak,Naknek River,0,4084442,103038,677286,0,13918045
Bristol Bay West,325,Nushagak,Igushik River,71000,2965169,12192,280542,0,13521301
Bristol Bay West,325,Nushagak,Nushagak River,71000,2965169,8404,843836,0,14084595
Bristol Bay West,325,Nushagak,Wood River,71000,2965169,23748,1086510,0,14327269
Bristol Bay West,326,Togiak,Togiak River,0,108283,1332,17598,0,13258357