﻿Management Unit,District,District Name,Stream Name,Catch Daily,Catch Cum.,Daily,Cumulative,In-River Estimate,Total Run
Bristol Bay East,321,Ugashik,Ugashik River,158000,1902307,58806,197280,225000,18454263
Bristol Bay East,322,Egegik,Egegik River,100000,4339188,70830,1125276,50000,19207259
Bristol Bay East,324,Naknek-Kvichak,Kvichak River,125000,9231498,308766,3485220,250000,21767203
Bristol Bay East,324,Naknek-Kvichak,Naknek River,125000,9231498,29184,760272,0,18792255
Bristol Bay West,325,Nushagak,Igushik River,89000,2371356,8514,101706,0,18133689
Bristol Bay West,325,Nushagak,Nushagak River,89000,2371356,15014,371680,0,18403663
Bristol Bay West,325,Nushagak,Wood River,89000,2371356,42810,659484,0,18691467
Bristol Bay West,326,Togiak,Togiak River,25000,187634,3582,22440,0,18054423