﻿Management Unit,District,District Name,Stream Name,Catch Daily,Catch Cum.,Daily,Cumulative,In-River Estimate,Total Run
Bristol Bay East,321,Ugashik,Ugashik River,238000,859670,25686,131844,100000,6643472
Bristol Bay East,322,Egegik,Egegik River,321000,1883020,25710,604278,30000,7045906
Bristol Bay East,324,Naknek-Kvichak,Kvichak River,473000,995522,96300,230712,200000,6842340
Bristol Bay East,324,Naknek-Kvichak,Naknek River,473000,995522,97188,467088,0,6878716
Bristol Bay West,325,Nushagak,Igushik River,400000,2624369,3234,21066,0,6432694
Bristol Bay West,325,Nushagak,Nushagak River,400000,2624369,36800,322865,0,6734493
Bristol Bay West,325,Nushagak,Wood River,400000,2624369,75324,411381,0,6823009
Bristol Bay West,326,Togiak,Togiak River,0,49047,762,762,0,6412390