﻿Management Unit,District,District Name,Stream Name,Catch Daily,Catch Cum.,Daily,Cumulative,In-River Estimate,Total Run
Bristol Bay East,321,Ugashik,Ugashik River,0,1883718,19590,161124,70000,13105285
Bristol Bay East,322,Egegik,Egegik River,0,4174308,17010,771246,20000,13665407
Bristol Bay East,324,Naknek-Kvichak,Kvichak River,180000,4084567,154824,1484250,100000,14458411
Bristol Bay East,324,Naknek-Kvichak,Naknek River,180000,4084567,17472,547530,0,13421691
Bristol Bay West,325,Nushagak,Igushik River,125000,2664149,22764,225138,0,13099299
Bristol Bay West,325,Nushagak,Nushagak River,125000,2664149,24004,785639,0,13659800
Bristol Bay West,325,Nushagak,Wood River,125000,2664149,36810,999906,0,13874067
Bristol Bay West,326,Togiak,Togiak River,16000,67419,0,0,0,12874161