﻿Management Unit,District,District Name,Stream Name,Catch Daily,Catch Cum.,Daily,Cumulative,In-River Estimate,Total Run
Bristol Bay East,321,Ugashik,Ugashik River,0,4549,0,0,12000,2075370
Bristol Bay East,322,Egegik,Egegik River,305000,494502,25020,239082,100000,2402452
Bristol Bay East,324,Naknek-Kvichak,Kvichak River,594000,997406,70014,78534,250000,2391904
Bristol Bay East,324,Naknek-Kvichak,Naknek River,594000,997406,31542,304068,0,2367438
Bristol Bay West,325,Nushagak,Igushik River,496340,555848,114,348,0,2063718
Bristol Bay West,325,Nushagak,Nushagak River,496340,555848,37572,111954,0,2175324
Bristol Bay West,325,Nushagak,Wood River,496340,555848,207522,302580,0,2365950
Bristol Bay West,326,Togiak,Togiak River,4617,11065,0,0,0,2063370