﻿Management Unit,District,District Name,Stream Name,Catch Daily,Catch Cum.,Daily,Cumulative,In-River Estimate,Total Run
Bristol Bay East,321,Ugashik,Ugashik River,0,4032,0,0,0,271132
Bristol Bay East,322,Egegik,Egegik River,0,105660,19020,37554,30000,338686
Bristol Bay East,324,Naknek-Kvichak,Kvichak River,905,154602,504,1080,0,272212
Bristol Bay East,324,Naknek-Kvichak,Naknek River,905,154602,2712,10158,0,281290
Bristol Bay West,325,Nushagak,Igushik River,496,6023,0,0,0,271132
Bristol Bay West,325,Nushagak,Nushagak River,496,6023,2693,32878,0,304010
Bristol Bay West,325,Nushagak,Wood River,496,6023,8148,47568,0,318700
Bristol Bay West,326,Togiak,Togiak River,158,815,0,0,0,271132