﻿Management Unit,District,District Name,Stream Name,Catch Daily,Catch Cum.,Daily,Cumulative,In-River Estimate,Total Run
Bristol Bay East,321,Ugashik,Ugashik River,65000,1221557,21192,460326,70000,27444219
Bristol Bay East,322,Egegik,Egegik River,198000,6427727,21000,1360944,0,28274837
Bristol Bay East,324,Naknek-Kvichak,Kvichak River,707000,13128830,78036,4199531,0,31113424
Bristol Bay East,324,Naknek-Kvichak,Naknek River,707000,13128830,31752,1389318,0,28303211
Bristol Bay West,325,Nushagak,Igushik River,120000,5979584,9726,210384,0,27124277
Bristol Bay West,325,Nushagak,Nushagak River,120000,5979584,8743,560496,0,27474389
Bristol Bay West,325,Nushagak,Wood River,120000,5979584,57162,2536800,0,29450693
Bristol Bay West,326,Togiak,Togiak River,17000,156195,1278,19332,0,26933225