﻿Management Unit,District,District Name,Stream Name,Catch Daily,Catch Cum.,Daily,Cumulative,In-River Estimate,Total Run
Bristol Bay East,321,Ugashik,Ugashik River,414000,1124548,144756,284364,200000,18679561
Bristol Bay East,322,Egegik,Egegik River,617000,6296701,130398,2152368,150000,20497565
Bristol Bay East,324,Naknek-Kvichak,Alagnak River,540000,2654021,37140,731614,0,18926811
Bristol Bay East,324,Naknek-Kvichak,Kvichak River,540000,2654021,292896,1124652,100000,19419849
Bristol Bay East,324,Naknek-Kvichak,Naknek River,540000,2654021,144726,1082928,0,19278125
Bristol Bay West,325,Nushagak,Igushik River,578000,7983647,44394,222666,0,18417863
Bristol Bay West,325,Nushagak,Nushagak River,578000,7983647,69605,2229486,0,20424683
Bristol Bay West,325,Nushagak,Wood River,578000,7983647,257412,2545134,0,20740331
Bristol Bay West,326,Togiak,Togiak River,21600,136280,2574,10806,0,18206003