﻿Management Unit,District,District Name,Stream Name,Catch Daily,Catch Cum.,Daily,Cumulative,In-River Estimate,Total Run
Bristol Bay East,321,Ugashik,Ugashik River,0,1687181,3624,76434,60000,10357633
Bristol Bay East,322,Egegik,Egegik River,570000,3383664,86610,690132,20000,10931331
Bristol Bay East,324,Naknek-Kvichak,Kvichak River,380000,3035650,142530,537678,300000,11058877
Bristol Bay East,324,Naknek-Kvichak,Naknek River,380000,3035650,59202,466698,0,10687897
Bristol Bay West,325,Nushagak,Igushik River,250000,2095324,3432,167202,0,10388401
Bristol Bay West,325,Nushagak,Nushagak River,250000,2095324,11008,707509,0,10928708
Bristol Bay West,325,Nushagak,Wood River,250000,2095324,29364,842184,0,11063383
Bristol Bay West,326,Togiak,Togiak River,0,19380,0,0,0,10221199