﻿Management Unit,District,District Name,Stream Name,Catch Daily,Catch Cum.,Daily,Cumulative,In-River Estimate,Total Run
Bristol Bay East,321,Ugashik,Ugashik River,0,4022,0,0,0,107175
Bristol Bay East,322,Egegik,Egegik River,0,52498,47172,96234,0,203409
Bristol Bay East,324,Naknek-Kvichak,Kvichak River,0,2683,78,648,0,107823
Bristol Bay East,324,Naknek-Kvichak,Naknek River,0,2683,2304,8700,0,115875
Bristol Bay West,325,Nushagak,Igushik River,29500,47698,0,0,0,107175
Bristol Bay West,325,Nushagak,Nushagak River,29500,47698,15641,85807,0,192982
Bristol Bay West,325,Nushagak,Wood River,29500,47698,13986,55605,0,162780
Bristol Bay West,326,Togiak,Togiak River,0,274,0,0,0,107175