﻿Management Unit,District,District Name,Stream Name,Catch Daily,Catch Cum.,Daily,Cumulative,In-River Estimate,Total Run
Bristol Bay East,321,Ugashik,Ugashik River,180000,352482,0,0,0,2237833
Bristol Bay East,322,Egegik,Egegik River,132000,1205200,40314,270450,40000,2548283
Bristol Bay East,324,Naknek-Kvichak,Kvichak River,0,575151,60,954,100000,2338787
Bristol Bay East,324,Naknek-Kvichak,Naknek River,0,575151,41880,65856,0,2303689
Bristol Bay West,325,Nushagak,Igushik River,105000,105000,0,0,0,2237833
Bristol Bay West,325,Nushagak,Nushagak River,105000,105000,135620,368992,0,2606825
Bristol Bay West,325,Nushagak,Wood River,105000,105000,204720,292002,0,2529835
Bristol Bay West,326,Togiak,Togiak River,0,0,0,0,0,2237833