﻿Management Unit,District,District Name,Stream Name,Catch Daily,Catch Cum.,Daily,Cumulative,In-River Estimate,Total Run
Bristol Bay East,321,Ugashik,Ugashik River,0,10180,186,186,15000,6826028
Bristol Bay East,322,Egegik,Egegik River,690000,2041134,255594,550668,50000,7411510
Bristol Bay East,324,Naknek-Kvichak,Kvichak River,1200000,2859952,208548,468114,200000,7478956
Bristol Bay East,324,Naknek-Kvichak,Naknek River,1200000,2859952,68844,421710,0,7232552
Bristol Bay West,325,Nushagak,Igushik River,769000,1885872,540,900,0,6811742
Bristol Bay West,325,Nushagak,Nushagak River,769000,1885872,71147,281523,0,7092365
Bristol Bay West,325,Nushagak,Wood River,769000,1885872,315426,1201314,0,8012156
Bristol Bay West,326,Togiak,Togiak River,615,13704,0,0,0,6810842