﻿Management Unit,District,District Name,Stream Name,Catch Daily,Catch Cum.,Daily,Cumulative,In-River Estimate,Total Run
Bristol Bay East,321,Ugashik,Ugashik River,82000,203785,13080,17676,30000,1870299
Bristol Bay East,322,Egegik,Egegik River,139000,623511,15684,278250,35000,2135873
Bristol Bay East,324,Naknek-Kvichak,Kvichak River,0,22272,2154,12534,0,1835157
Bristol Bay East,324,Naknek-Kvichak,Naknek River,0,22272,2922,59634,0,1882257
Bristol Bay West,325,Nushagak,Igushik River,251000,960645,1878,11040,0,1833663
Bristol Bay West,325,Nushagak,Nushagak River,251000,960645,9515,192462,0,2015085
Bristol Bay West,325,Nushagak,Wood River,251000,960645,24606,221037,0,2043660
Bristol Bay West,326,Togiak,Togiak River,7000,12410,0,0,0,1822623