﻿Management Unit,District,District Name,Stream Name,Catch Daily,Catch Cum.,Daily,Cumulative,In-River Estimate,Total Run
Bristol Bay East,321,Ugashik,Ugashik River,0,4032,0,0,0,281069
Bristol Bay East,322,Egegik,Egegik River,0,115499,23232,73176,70000,424245
Bristol Bay East,324,Naknek-Kvichak,Kvichak River,0,154602,342,2340,0,283409
Bristol Bay East,324,Naknek-Kvichak,Naknek River,0,154602,26310,38628,0,319697
Bristol Bay West,325,Nushagak,Igushik River,0,6121,60,156,0,281225
Bristol Bay West,325,Nushagak,Nushagak River,0,6121,5856,46048,0,327117
Bristol Bay West,325,Nushagak,Wood River,0,6121,10500,65382,0,346451
Bristol Bay West,326,Togiak,Togiak River,0,815,0,0,0,281069