﻿Management Unit,District,District Name,Stream Name,Catch Daily,Catch Cum.,Daily,Cumulative,In-River Estimate,Total Run
Bristol Bay East,321,Ugashik,Ugashik River,0,274275,6558,12282,30000,2001135
Bristol Bay East,322,Egegik,Egegik River,0,588649,17304,266866,10000,2235719
Bristol Bay East,324,Naknek-Kvichak,Kvichak River,340000,978886,8778,46206,0,2005059
Bristol Bay East,324,Naknek-Kvichak,Naknek River,340000,978886,57880,181006,0,2139859
Bristol Bay West,325,Nushagak,Igushik River,95000,117043,8526,12138,0,1970991
Bristol Bay West,325,Nushagak,Nushagak River,95000,117043,14394,101086,0,2059939
Bristol Bay West,325,Nushagak,Wood River,95000,117043,13206,159138,0,2117991
Bristol Bay West,326,Togiak,Togiak River,0,0,0,0,0,1958853