﻿Management Unit,District,District Name,Stream Name,Catch Daily,Catch Cum.,Daily,Cumulative,In-River Estimate,Total Run
Bristol Bay East,321,Ugashik,Ugashik River,0,1300409,30390,75750,50000,13413643
Bristol Bay East,322,Egegik,Egegik River,436000,3586902,180972,854334,100000,14242227
Bristol Bay East,324,Naknek-Kvichak,Kvichak River,1200000,6626060,560958,1800300,500000,15588193
Bristol Bay East,324,Naknek-Kvichak,Naknek River,1200000,6626060,45324,641550,0,13929443
Bristol Bay West,325,Nushagak,Igushik River,152000,1664063,10974,60624,0,13348517
Bristol Bay West,325,Nushagak,Nushagak River,152000,1664063,67529,263108,0,13551001
Bristol Bay West,325,Nushagak,Wood River,152000,1664063,30246,430344,0,13718237
Bristol Bay West,326,Togiak,Togiak River,30000,110459,4434,12168,0,13300061