﻿Management Unit,District,District Name,Stream Name,Catch Daily,Catch Cum.,Daily,Cumulative,In-River Estimate,Total Run
Bristol Bay East,321,Ugashik,Ugashik River,315000,710664,121878,139608,200000,16363152
Bristol Bay East,322,Egegik,Egegik River,725000,5679210,312624,2021970,200000,18245514
Bristol Bay East,324,Naknek-Kvichak,Alagnak River,627000,2114003,260856,694474,0,16718018
Bristol Bay East,324,Naknek-Kvichak,Kvichak River,627000,2114003,445578,831756,150000,17005300
Bristol Bay East,324,Naknek-Kvichak,Naknek River,627000,2114003,27432,938202,0,16961746
Bristol Bay West,325,Nushagak,Igushik River,627000,7405265,22110,178272,0,16201816
Bristol Bay West,325,Nushagak,Nushagak River,627000,7405265,199622,2159881,0,18183425
Bristol Bay West,325,Nushagak,Wood River,627000,7405265,396816,2287722,0,18311266
Bristol Bay West,326,Togiak,Togiak River,19000,114402,2160,8232,0,16031776