﻿Management Unit,District,District Name,Stream Name,Catch Daily,Catch Cum.,Daily,Cumulative,In-River Estimate,Total Run
Bristol Bay East,321,Ugashik,Ugashik River,0,139641,480,2076,25000,9858486
Bristol Bay East,322,Egegik,Egegik River,1100000,3542691,296460,587034,150000,10568444
Bristol Bay East,324,Naknek-Kvichak,Alagnak River,624000,719886,294,4722,0,9836132
Bristol Bay East,324,Naknek-Kvichak,Kvichak River,624000,719886,162,8646,300000,10140056
Bristol Bay East,324,Naknek-Kvichak,Naknek River,624000,719886,473586,563850,0,10395260
Bristol Bay West,325,Nushagak,Igushik River,1350000,5388924,10194,132378,0,9963788
Bristol Bay West,325,Nushagak,Nushagak River,1350000,5388924,21559,1156631,0,10988041
Bristol Bay West,325,Nushagak,Wood River,1350000,5388924,30828,1252902,0,11084312
Bristol Bay West,326,Togiak,Togiak River,10500,40268,672,1788,0,9833198