﻿Management Unit,District,District Name,Stream Name,Catch Daily,Catch Cum.,Daily,Cumulative,In-River Estimate,Total Run
Bristol Bay East,321,Ugashik,Ugashik River,0,139641,24,138,10000,5010822
Bristol Bay East,322,Egegik,Egegik River,0,1400913,1584,197626,15000,5213310
Bristol Bay East,324,Naknek-Kvichak,Alagnak River,16000,95692,1476,1476,0,5002160
Bristol Bay East,324,Naknek-Kvichak,Kvichak River,16000,95692,138,1842,0,5002526
Bristol Bay East,324,Naknek-Kvichak,Naknek River,16000,95692,27066,57348,0,5058032
Bristol Bay West,325,Nushagak,Igushik River,315000,3343264,12504,72522,0,5073206
Bristol Bay West,325,Nushagak,Nushagak River,315000,3343264,58847,996173,0,5996857
Bristol Bay West,325,Nushagak,Wood River,315000,3343264,54054,977322,0,5978006
Bristol Bay West,326,Togiak,Togiak River,3000,21174,0,0,0,5000684