﻿Management Unit,District,District Name,Stream Name,Catch Daily,Catch Cum.,Daily,Cumulative,In-River Estimate,Total Run
Bristol Bay East,321,Ugashik,Ugashik River,13000,1896718,24876,215418,80000,13465440
Bristol Bay East,322,Egegik,Egegik River,0,4186404,17046,807696,15000,13992718
Bristol Bay East,324,Naknek-Kvichak,Kvichak River,0,4084442,22992,1593618,50000,14813640
Bristol Bay East,324,Naknek-Kvichak,Naknek River,0,4084442,12906,574248,0,13744270
Bristol Bay West,325,Nushagak,Igushik River,107000,2894025,0,254208,0,13424230
Bristol Bay West,325,Nushagak,Nushagak River,107000,2894025,0,819193,0,13989215
Bristol Bay West,325,Nushagak,Wood River,107000,2894025,0,1039614,0,14209636
Bristol Bay West,326,Togiak,Togiak River,18000,108433,0,4140,0,13174162