﻿Management Unit,District,District Name,Stream Name,Catch Daily,Catch Cum.,Daily,Cumulative,In-River Estimate,Total Run
Bristol Bay East,321,Ugashik,Ugashik River,0,44,0,0,0,156156
Bristol Bay East,322,Egegik,Egegik River,7000,13667,1782,5904,0,162060
Bristol Bay East,324,Naknek-Kvichak,Alagnak River,42,266,0,0,0,156156
Bristol Bay East,324,Naknek-Kvichak,Kvichak River,42,266,0,0,0,156156
Bristol Bay East,324,Naknek-Kvichak,Naknek River,42,266,42,42,0,156198
Bristol Bay West,325,Nushagak,Igushik River,125000,141815,0,0,0,156156
Bristol Bay West,325,Nushagak,Nushagak River,125000,141815,11885,45998,0,202154
Bristol Bay West,325,Nushagak,Wood River,125000,141815,24492,74307,0,230463
Bristol Bay West,326,Togiak,Togiak River,200,364,0,0,0,156156