﻿Management Unit,District,District Name,Stream Name,Catch Daily,Catch Cum.,Daily,Cumulative,In-River Estimate,Total Run
Bristol Bay East,321,Ugashik,Ugashik River,0,4549,0,0,10000,674792
Bristol Bay East,322,Egegik,Egegik River,0,189502,64134,214062,70000,948854
Bristol Bay East,324,Naknek-Kvichak,Kvichak River,250000,404602,5508,8520,150000,823312
Bristol Bay East,324,Naknek-Kvichak,Naknek River,250000,404602,132360,272526,0,937318
Bristol Bay West,325,Nushagak,Igushik River,53000,59707,60,234,0,665026
Bristol Bay West,325,Nushagak,Nushagak River,53000,59707,23291,74382,0,739174
Bristol Bay West,325,Nushagak,Wood River,53000,59707,21216,95058,0,759850
Bristol Bay West,326,Togiak,Togiak River,4700,6432,0,0,0,664792