﻿Management Unit,District,District Name,Stream Name,Catch Daily,Catch Cum.,Daily,Cumulative,In-River Estimate,Total Run
Bristol Bay East,321,Ugashik,Ugashik River,0,44,0,0,0,248731
Bristol Bay East,322,Egegik,Egegik River,0,13799,384,6288,1500,256519
Bristol Bay East,324,Naknek-Kvichak,Alagnak River,200,466,0,0,0,248731
Bristol Bay East,324,Naknek-Kvichak,Kvichak River,200,466,0,0,0,248731
Bristol Bay East,324,Naknek-Kvichak,Naknek River,200,466,24,66,0,248797
Bristol Bay West,325,Nushagak,Igushik River,90000,234196,0,0,0,248731
Bristol Bay West,325,Nushagak,Nushagak River,90000,234196,18526,64524,0,313255
Bristol Bay West,325,Nushagak,Wood River,90000,234196,35334,109641,0,358372
Bristol Bay West,326,Togiak,Togiak River,0,226,0,0,0,248731