﻿Management Unit,District,District Name,Stream Name,Catch Daily,Catch Cum.,Daily,Cumulative,In-River Estimate,Total Run
Bristol Bay East,321,Ugashik,Ugashik River,408000,2217929,62586,459678,300000,24913516
Bristol Bay East,322,Egegik,Egegik River,482000,8016175,57168,2296188,60000,26510026
Bristol Bay East,324,Naknek-Kvichak,Alagnak River,470000,4160759,95502,1018398,0,25172236
Bristol Bay East,324,Naknek-Kvichak,Kvichak River,470000,4160759,71976,1370208,900000,26424046
Bristol Bay East,324,Naknek-Kvichak,Naknek River,470000,4160759,77154,1361526,0,25515364
Bristol Bay West,325,Nushagak,Igushik River,396000,9580673,27072,313446,0,24467284
Bristol Bay West,325,Nushagak,Nushagak River,396000,9580673,134244,2501031,0,26654869
Bristol Bay West,325,Nushagak,Wood River,396000,9580673,227628,3166254,0,27320092
Bristol Bay West,326,Togiak,Togiak River,17000,178302,2832,18666,0,24172504