﻿Management Unit,District,District Name,Stream Name,Catch Daily,Catch Cum.,Daily,Cumulative,In-River Estimate,Total Run
Bristol Bay East,321,Ugashik,Ugashik River,232000,2126271,50886,311406,150000,14089845
Bristol Bay East,322,Egegik,Egegik River,360000,3959145,175344,998382,100000,14726821
Bristol Bay East,324,Naknek-Kvichak,Kvichak River,803000,2698299,340548,1218060,700000,15546499
Bristol Bay East,324,Naknek-Kvichak,Naknek River,803000,2698299,100890,808506,0,14436945
Bristol Bay West,325,Nushagak,Igushik River,425000,4675896,15756,99786,0,13728225
Bristol Bay West,325,Nushagak,Nushagak River,425000,4675896,20538,526215,0,14154654
Bristol Bay West,325,Nushagak,Wood River,425000,4675896,44538,795147,0,14423586
Bristol Bay West,326,Togiak,Togiak River,25000,168828,4092,8484,0,13636923