﻿Management Unit,District,District Name,Stream Name,Catch Daily,Catch Cum.,Daily,Cumulative,In-River Estimate,Total Run
Bristol Bay East,321,Ugashik,Ugashik River,0,4032,0,0,0,269307
Bristol Bay East,322,Egegik,Egegik River,0,105660,6546,18534,10000,297841
Bristol Bay East,324,Naknek-Kvichak,Kvichak River,32000,153667,132,576,0,269883
Bristol Bay East,324,Naknek-Kvichak,Naknek River,32000,153667,4818,7446,0,276753
Bristol Bay West,325,Nushagak,Igushik River,0,5291,0,0,0,269307
Bristol Bay West,325,Nushagak,Nushagak River,0,5291,6937,30185,0,299492
Bristol Bay West,325,Nushagak,Wood River,0,5291,13866,39420,0,308727
Bristol Bay West,326,Togiak,Togiak River,21,657,0,0,0,269307