﻿Management Unit,District,District Name,Stream Name,Catch Daily,Catch Cum.,Daily,Cumulative,In-River Estimate,Total Run
Bristol Bay East,321,Ugashik,Ugashik River,78000,937637,27744,159588,100000,7766931
Bristol Bay East,322,Egegik,Egegik River,367000,2250320,55416,659694,60000,8227037
Bristol Bay East,324,Naknek-Kvichak,Kvichak River,173000,1168116,114594,345306,250000,8102649
Bristol Bay East,324,Naknek-Kvichak,Naknek River,173000,1168116,97350,564438,0,8071781
Bristol Bay West,325,Nushagak,Igushik River,460000,3085223,12438,33504,0,7540847
Bristol Bay West,325,Nushagak,Nushagak River,460000,3085223,79110,401975,0,7909318
Bristol Bay West,325,Nushagak,Wood River,460000,3085223,112590,523971,0,8031314
Bristol Bay West,326,Togiak,Togiak River,17000,66047,372,1134,0,7508477