﻿Management Unit,District,District Name,Stream Name,Catch Daily,Catch Cum.,Daily,Cumulative,In-River Estimate,Total Run
Bristol Bay East,321,Ugashik,Ugashik River,120000,273239,5622,5622,30000,1578407
Bristol Bay East,322,Egegik,Egegik River,110000,587071,83434,249562,15000,1807347
Bristol Bay East,324,Naknek-Kvichak,Alagnak River,500000,660593,0,0,0,1542785
Bristol Bay East,324,Naknek-Kvichak,Kvichak River,500000,660593,31968,37428,0,1580213
Bristol Bay East,324,Naknek-Kvichak,Naknek River,500000,660593,28362,123126,0,1665911
Bristol Bay West,325,Nushagak,Igushik River,11000,21882,3378,3612,0,1546397
Bristol Bay West,325,Nushagak,Nushagak River,11000,21882,14876,86692,0,1629477
Bristol Bay West,325,Nushagak,Wood River,11000,21882,21936,145932,0,1688717
Bristol Bay West,326,Togiak,Togiak River,0,0,0,0,0,1542785