﻿Management Unit,District,District Name,Stream Name,Catch Daily,Catch Cum.,Daily,Cumulative,In-River Estimate,Total Run
Bristol Bay East,321,Ugashik,Ugashik River,0,45836,7182,7182,40000,1109170
Bristol Bay East,322,Egegik,Egegik River,122000,534771,35322,274284,50000,1386272
Bristol Bay East,324,Naknek-Kvichak,Kvichak River,0,12888,23988,27720,0,1089708
Bristol Bay East,324,Naknek-Kvichak,Naknek River,0,12888,14712,91128,0,1153116
Bristol Bay West,325,Nushagak,Igushik River,109000,463721,7344,24600,0,1086588
Bristol Bay West,325,Nushagak,Nushagak River,109000,463721,13164,216305,0,1278293
Bristol Bay West,325,Nushagak,Wood River,109000,463721,27402,203934,0,1265922
Bristol Bay West,326,Togiak,Togiak River,66,4772,0,0,0,1061988