﻿Management Unit,District,District Name,Stream Name,Catch Daily,Catch Cum.,Daily,Cumulative,In-River Estimate,Total Run
Bristol Bay East,321,Ugashik,Ugashik River,263000,994713,23682,412044,60000,25345811
Bristol Bay East,322,Egegik,Egegik River,212000,5908894,27966,1315422,25000,26214189
Bristol Bay East,324,Naknek-Kvichak,Kvichak River,434000,12094137,83958,4040274,0,28914041
Bristol Bay East,324,Naknek-Kvichak,Naknek River,434000,12094137,43440,1332570,0,26206337
Bristol Bay West,325,Nushagak,Igushik River,125000,5750424,10470,189564,0,25063331
Bristol Bay West,325,Nushagak,Nushagak River,125000,5750424,10681,545245,0,25419012
Bristol Bay West,325,Nushagak,Wood River,125000,5750424,30300,2439600,0,27313367
Bristol Bay West,326,Togiak,Togiak River,9000,125599,3396,14520,0,24888287