﻿Management Unit,District,District Name,Stream Name,Catch Daily,Catch Cum.,Daily,Cumulative,In-River Estimate,Total Run
Bristol Bay East,321,Ugashik,Ugashik River,76000,197780,33456,58914,70000,2100652
Bristol Bay East,322,Egegik,Egegik River,203000,925097,65910,399804,70000,2441542
Bristol Bay East,324,Naknek-Kvichak,Kvichak River,70000,82888,8172,47088,100000,2118826
Bristol Bay East,324,Naknek-Kvichak,Naknek River,70000,82888,44472,203892,0,2175630
Bristol Bay West,325,Nushagak,Igushik River,182000,761077,6232,36478,0,2008216
Bristol Bay West,325,Nushagak,Nushagak River,182000,761077,37701,272902,0,2244640
Bristol Bay West,325,Nushagak,Wood River,182000,761077,67512,325266,0,2297004
Bristol Bay West,326,Togiak,Togiak River,0,4896,0,0,0,1971738