﻿Management Unit,District,District Name,Stream Name,Catch Daily,Catch Cum.,Daily,Cumulative,In-River Estimate,Total Run
Bristol Bay East,321,Ugashik,Ugashik River,104000,393233,19290,106170,35000,3547112
Bristol Bay East,322,Egegik,Egegik River,262000,1439728,28368,470766,70000,3946708
Bristol Bay East,324,Naknek-Kvichak,Kvichak River,214000,427620,29412,137598,30000,3573540
Bristol Bay East,324,Naknek-Kvichak,Naknek River,214000,427620,24108,239340,0,3645282
Bristol Bay West,325,Nushagak,Igushik River,218000,1132306,12498,60190,0,3466132
Bristol Bay West,325,Nushagak,Nushagak River,218000,1132306,22523,322761,0,3728703
Bristol Bay West,325,Nushagak,Wood River,218000,1132306,55770,443550,0,3849492
Bristol Bay West,326,Togiak,Togiak River,5278,13055,0,0,0,3405942