﻿Management Unit,District,District Name,Stream Name,Catch Daily,Catch Cum.,Daily,Cumulative,In-River Estimate,Total Run
Bristol Bay East,321,Ugashik,Ugashik River,81000,356486,16206,52710,40000,2661329
Bristol Bay East,322,Egegik,Egegik River,21000,755849,72648,367632,50000,2986251
Bristol Bay East,324,Naknek-Kvichak,Kvichak River,0,22272,534,13908,0,2582527
Bristol Bay East,324,Naknek-Kvichak,Naknek River,0,22272,13740,79080,0,2647699
Bristol Bay West,325,Nushagak,Igushik River,223000,1400296,1530,13776,0,2582395
Bristol Bay West,325,Nushagak,Nushagak River,223000,1400296,14252,224553,0,2793172
Bristol Bay West,325,Nushagak,Wood River,223000,1400296,16614,253827,0,2822446
Bristol Bay West,326,Togiak,Togiak River,11000,33716,0,0,0,2568619