﻿Management Unit,District,District Name,Stream Name,Catch Daily,Catch Cum.,Daily,Cumulative,In-River Estimate,Total Run
Bristol Bay East,321,Ugashik,Ugashik River,150000,588339,2748,24103,50000,3941841
Bristol Bay East,322,Egegik,Egegik River,212000,1122732,3222,233184,10000,4110922
Bristol Bay East,324,Naknek-Kvichak,Kvichak River,350000,1607844,162402,228084,700000,4795822
Bristol Bay East,324,Naknek-Kvichak,Naknek River,350000,1607844,36774,281700,0,4149438
Bristol Bay West,325,Nushagak,Igushik River,250000,548823,5412,25230,0,3892968
Bristol Bay West,325,Nushagak,Nushagak River,250000,548823,22602,129706,0,3997444
Bristol Bay West,325,Nushagak,Wood River,250000,548823,29502,205128,0,4072866
Bristol Bay West,326,Togiak,Togiak River,0,0,0,0,0,3867738