﻿Management Unit,District,District Name,Stream Name,Catch Daily,Catch Cum.,Daily,Cumulative,In-River Estimate,Total Run
Bristol Bay East,321,Ugashik,Ugashik River,0,392833,33420,139590,70000,4534439
Bristol Bay East,322,Egegik,Egegik River,315000,1754920,38190,508956,100000,4933805
Bristol Bay East,324,Naknek-Kvichak,Kvichak River,267000,694314,7320,144918,150000,4619767
Bristol Bay East,324,Naknek-Kvichak,Naknek River,267000,694314,51000,290340,0,4615189
Bristol Bay West,325,Nushagak,Igushik River,330000,1462727,15312,75502,0,4400351
Bristol Bay West,325,Nushagak,Nushagak River,330000,1462727,21598,344359,0,4669208
Bristol Bay West,325,Nushagak,Wood River,330000,1462727,68652,512202,0,4837051
Bristol Bay West,326,Togiak,Togiak River,7000,20055,0,0,0,4324849