﻿Management Unit,District,District Name,Stream Name,Catch Daily,Catch Cum.,Daily,Cumulative,In-River Estimate,Total Run
Bristol Bay East,321,Ugashik,Ugashik River,0,356642,24114,76824,40000,3161483
Bristol Bay East,322,Egegik,Egegik River,220000,976636,113508,481140,70000,3595799
Bristol Bay East,324,Naknek-Kvichak,Kvichak River,0,22272,684,14592,150000,3209251
Bristol Bay East,324,Naknek-Kvichak,Naknek River,0,22272,107886,186966,0,3231625
Bristol Bay West,325,Nushagak,Igushik River,255000,1655785,1230,15006,0,3059665
Bristol Bay West,325,Nushagak,Nushagak River,255000,1655785,17332,241885,0,3286544
Bristol Bay West,325,Nushagak,Wood River,255000,1655785,19074,272901,0,3317560
Bristol Bay West,326,Togiak,Togiak River,0,33324,0,0,0,3044659