﻿Management Unit,District,District Name,Stream Name,Catch Daily,Catch Cum.,Daily,Cumulative,In-River Estimate,Total Run
Bristol Bay East,321,Ugashik,Ugashik River,11000,410638,15426,92958,30000,16715596
Bristol Bay East,322,Egegik,Egegik River,108000,1645828,155694,989742,30000,17612380
Bristol Bay East,324,Naknek-Kvichak,Alagnak River,114000,1215967,91980,192798,0,16785436
Bristol Bay East,324,Naknek-Kvichak,Kvichak River,114000,1215967,160428,422388,300000,17315026
Bristol Bay East,324,Naknek-Kvichak,Naknek River,114000,1215967,50556,920034,0,17512672
Bristol Bay West,325,Nushagak,Igushik River,800000,13268543,16344,195822,0,16788460
Bristol Bay West,325,Nushagak,Nushagak River,800000,13268543,40487,559088,0,17151726
Bristol Bay West,325,Nushagak,Wood River,800000,13268543,342438,4507728,0,21100366
Bristol Bay West,326,Togiak,Togiak River,5600,51662,6666,9294,0,16601932