﻿Management Unit,District,District Name,Stream Name,Catch Daily,Catch Cum.,Daily,Cumulative,In-River Estimate,Total Run
Bristol Bay East,321,Ugashik,Ugashik River,0,4032,0,0,0,66987
Bristol Bay East,322,Egegik,Egegik River,35663,55046,450,6588,0,73575
Bristol Bay East,324,Naknek-Kvichak,Kvichak River,4574,4731,48,48,0,67035
Bristol Bay East,324,Naknek-Kvichak,Naknek River,4574,4731,366,1530,0,68517
Bristol Bay West,325,Nushagak,Igushik River,534,3153,0,0,0,66987
Bristol Bay West,325,Nushagak,Nushagak River,534,3153,3524,17996,0,84983
Bristol Bay West,325,Nushagak,Wood River,534,3153,3798,16002,0,82989
Bristol Bay West,326,Togiak,Togiak River,0,25,0,0,0,66987