﻿Management Unit,District,District Name,Stream Name,Catch Daily,Catch Cum.,Daily,Cumulative,In-River Estimate,Total Run
Bristol Bay East,321,Ugashik,Ugashik River,444000,2513263,59892,516894,200000,15026285
Bristol Bay East,322,Egegik,Egegik River,562000,4536732,7026,1161534,20000,15490925
Bristol Bay East,324,Naknek-Kvichak,Kvichak River,700000,4023050,535890,2839608,150000,17298999
Bristol Bay East,324,Naknek-Kvichak,Naknek River,700000,4023050,64944,952656,0,15262047
Bristol Bay West,325,Nushagak,Igushik River,84000,3169597,15480,196072,0,14505463
Bristol Bay West,325,Nushagak,Nushagak River,84000,3169597,23194,527954,0,14837345
Bristol Bay West,325,Nushagak,Wood River,84000,3169597,45006,1082820,0,15392211
Bristol Bay West,326,Togiak,Togiak River,9000,66749,1662,2898,0,14312289