﻿Management Unit,District,District Name,Stream Name,Catch Daily,Catch Cum.,Daily,Cumulative,In-River Estimate,Total Run
Bristol Bay East,321,Ugashik,Ugashik River,62000,307563,36954,200340,120000,17725039
Bristol Bay East,322,Egegik,Egegik River,440000,4035600,140862,1066668,200000,18671367
Bristol Bay East,324,Naknek-Kvichak,Kvichak River,1230000,8554425,269208,3293178,150000,20847877
Bristol Bay East,324,Naknek-Kvichak,Naknek River,1230000,8554425,33798,1078464,0,18483163
Bristol Bay West,325,Nushagak,Igushik River,389000,4445530,8226,128064,0,17532763
Bristol Bay West,325,Nushagak,Nushagak River,389000,4445530,20177,452316,0,17857015
Bristol Bay West,325,Nushagak,Wood River,389000,4445530,105660,2128384,0,19533083
Bristol Bay West,326,Togiak,Togiak River,7500,61581,2412,3954,0,17408653