﻿Management Unit,District,District Name,Stream Name,Catch Daily,Catch Cum.,Daily,Cumulative,In-River Estimate,Total Run
Bristol Bay East,321,Ugashik,Ugashik River,0,0,0,0,0,269522
Bristol Bay East,322,Egegik,Egegik River,43000,206344,22830,137826,25000,432348
Bristol Bay East,324,Naknek-Kvichak,Kvichak River,0,12888,126,750,0,270272
Bristol Bay East,324,Naknek-Kvichak,Naknek River,0,12888,4278,10608,0,280130
Bristol Bay West,325,Nushagak,Igushik River,35000,49820,2088,3072,0,272594
Bristol Bay West,325,Nushagak,Nushagak River,35000,49820,47906,100430,0,369952
Bristol Bay West,325,Nushagak,Wood River,35000,49820,23976,64794,0,334316
Bristol Bay West,326,Togiak,Togiak River,0,470,0,0,0,269522