﻿Management Unit,District,District Name,Stream Name,Catch Daily,Catch Cum.,Daily,Cumulative,In-River Estimate,Total Run
Bristol Bay East,321,Ugashik,Ugashik River,183000,1870181,10542,86976,40000,11444175
Bristol Bay East,322,Egegik,Egegik River,433000,3813543,8346,698478,30000,12045677
Bristol Bay East,324,Naknek-Kvichak,Kvichak River,362000,3398004,169140,706818,400000,12424017
Bristol Bay East,324,Naknek-Kvichak,Naknek River,362000,3398004,21042,487740,0,11804939
Bristol Bay West,325,Nushagak,Igushik River,113000,2207091,5196,172398,0,11489597
Bristol Bay West,325,Nushagak,Nushagak River,113000,2207091,17728,725237,0,12042436
Bristol Bay West,325,Nushagak,Wood River,113000,2207091,40980,883164,0,12200363
Bristol Bay West,326,Togiak,Togiak River,9000,28380,0,0,0,11317199