﻿Management Unit,District,District Name,Stream Name,Catch Daily,Catch Cum.,Daily,Cumulative,In-River Estimate,Total Run
Bristol Bay East,321,Ugashik,Ugashik River,0,44,0,0,0,331989
Bristol Bay East,322,Egegik,Egegik River,16000,29799,2736,9024,2000,343013
Bristol Bay East,324,Naknek-Kvichak,Alagnak River,0,488,0,0,0,331989
Bristol Bay East,324,Naknek-Kvichak,Kvichak River,0,488,6,6,0,331995
Bristol Bay East,324,Naknek-Kvichak,Naknek River,0,488,270,336,0,332325
Bristol Bay West,325,Nushagak,Igushik River,67000,301432,0,0,0,331989
Bristol Bay West,325,Nushagak,Nushagak River,67000,301432,11744,76222,0,408211
Bristol Bay West,325,Nushagak,Wood River,67000,301432,25578,135264,0,467253
Bristol Bay West,326,Togiak,Togiak River,0,226,0,0,0,331989