﻿Catch Date,Management Unit Code,District Name,Fishery Name,Sockeye Count
2018-06-04,BBE,322 - Egegik,Egegik Set,8
2018-06-11,BBE,321 - Ugashik,Ugashik Drift,1
2018-06-11,BBE,322 - Egegik,Egegik Drift,143
2018-06-11,BBE,322 - Egegik,Egegik Set,234
2018-06-11,BBW,325 - Nushagak,Igushik Set,74
2018-06-12,BBE,321 - Ugashik,Ugashik Drift,5
2018-06-12,BBE,322 - Egegik,Egegik Drift,131
2018-06-12,BBE,322 - Egegik,Egegik Set,405
2018-06-12,BBW,325 - Nushagak,Igushik Set,129
2018-06-13,BBE,321 - Ugashik,Ugashik Set,25
2018-06-13,BBE,322 - Egegik,Egegik Set,89
2018-06-13,BBW,325 - Nushagak,Igushik Set,269
2018-06-14,BBE,321 - Ugashik,Ugashik Set,13
2018-06-14,BBE,322 - Egegik,Egegik Drift,841
2018-06-14,BBE,322 - Egegik,Egegik Set,716
2018-06-14,BBW,325 - Nushagak,Igushik Set,738
2018-06-15,BBE,322 - Egegik,Egegik Drift,144
2018-06-15,BBE,322 - Egegik,Egegik Set,35
2018-06-15,BBW,325 - Nushagak,Igushik Set,339
2018-06-16,BBW,325 - Nushagak,Igushik Set,875
2018-06-17,BBW,325 - Nushagak,Igushik Set,1388
2018-06-18,BBE,322 - Egegik,Egegik Drift,1504
2018-06-18,BBE,322 - Egegik,Egegik Set,2417
2018-06-18,BBE,324 - Naknek-Kvichak,Kvichak Set,11
2018-06-18,BBE,324 - Naknek-Kvichak,Naknek Set,1
2018-06-18,BBE,324 - Naknek-Kvichak,Naknek-Kvichak Drift,22
2018-06-18,BBW,325 - Nushagak,Igushik Set,882
2018-06-19,BBE,324 - Naknek-Kvichak,Kvichak Set,24
2018-06-19,BBE,324 - Naknek-Kvichak,Naknek Set,151
2018-06-19,BBE,324 - Naknek-Kvichak,Naknek-Kvichak Drift,15
2018-06-19,BBW,325 - Nushagak,Igushik Set,1605
2018-06-19,BBW,325 - Nushagak,Nushagak Set,10516
2018-06-20,BBE,322 - Egegik,Egegik Drift,5395
2018-06-20,BBE,322 - Egegik,Egegik Set,1737
2018-06-20,BBE,324 - Naknek-Kvichak,Kvichak Set,20
2018-06-20,BBE,324 - Naknek-Kvichak,Naknek Set,22
2018-06-20,BBW,325 - Nushagak,Igushik Set,2330
2018-06-20,BBW,325 - Nushagak,Nushagak Drift,112878
2018-06-20,BBW,325 - Nushagak,Nushagak Set,12173
2018-06-21,BBE,324 - Naknek-Kvichak,Kvichak Set,19
2018-06-21,BBE,324 - Naknek-Kvichak,Naknek Set,35
2018-06-21,BBE,324 - Naknek-Kvichak,Naknek-Kvichak Drift,168
2018-06-21,BBW,325 - Nushagak,Igushik Set,1082
2018-06-21,BBW,325 - Nushagak,Nushagak Drift,74097
2018-06-21,BBW,325 - Nushagak,Nushagak Set,15057
2018-06-22,BBE,322 - Egegik,Egegik Drift,8816
2018-06-22,BBE,322 - Egegik,Egegik Set,6857
2018-06-22,BBE,324 - Naknek-Kvichak,Kvichak Set,8
2018-06-22,BBE,324 - Naknek-Kvichak,Naknek Set,11
2018-06-22,BBW,325 - Nushagak,Igushik Set,600
2018-06-22,BBW,325 - Nushagak,Nushagak Drift,53985
2018-06-22,BBW,325 - Nushagak,Nushagak Set,13959