﻿Management Unit,District,District Name,Stream Name,Catch Daily,Catch Cum.,Daily,Cumulative,In-River Estimate,Total Run
Bristol Bay East,321,Ugashik,Ugashik River,0,0,0,0,0,532044
Bristol Bay East,322,Egegik,Egegik River,70000,300462,29994,182364,15000,729408
Bristol Bay East,324,Naknek-Kvichak,Kvichak River,0,12888,264,1422,0,533466
Bristol Bay East,324,Naknek-Kvichak,Naknek River,0,12888,8478,24252,0,556296
Bristol Bay West,325,Nushagak,Igushik River,82000,216013,3630,9864,0,541908
Bristol Bay West,325,Nushagak,Nushagak River,82000,216013,22482,144642,0,676686
Bristol Bay West,325,Nushagak,Wood River,82000,216013,20112,107904,0,639948
Bristol Bay West,326,Togiak,Togiak River,1466,2681,0,0,0,532044