﻿Management Unit,District,District Name,Stream Name,Catch Daily,Catch Cum.,Daily,Cumulative,In-River Estimate,Total Run
Bristol Bay East,321,Ugashik,Ugashik River,0,1896461,21630,282894,100000,14093071
Bristol Bay East,322,Egegik,Egegik River,215000,4498928,118650,973998,50000,14734175
Bristol Bay East,324,Naknek-Kvichak,Kvichak River,0,4084442,78444,1709244,200000,15619421
Bristol Bay East,324,Naknek-Kvichak,Naknek River,0,4084442,109812,879546,0,14589723
Bristol Bay West,325,Nushagak,Igushik River,34000,3065766,17364,315972,0,14026149
Bristol Bay West,325,Nushagak,Nushagak River,34000,3065766,10064,858935,0,14569112
Bristol Bay West,325,Nushagak,Wood River,34000,3065766,22164,1130760,0,14840937
Bristol Bay West,326,Togiak,Togiak River,31000,164580,2082,21354,0,13731531