﻿Management Unit,District,District Name,Stream Name,Catch Daily,Catch Cum.,Daily,Cumulative,In-River Estimate,Total Run
Bristol Bay East,321,Ugashik,Ugashik River,0,104660,0,0,20000,997955
Bristol Bay East,322,Egegik,Egegik River,78000,368552,9828,254310,15000,1247265
Bristol Bay East,324,Naknek-Kvichak,Kvichak River,0,22272,1746,7842,0,985797
Bristol Bay East,324,Naknek-Kvichak,Naknek River,0,22272,12462,50724,0,1028679
Bristol Bay West,325,Nushagak,Igushik River,37000,477109,1968,6816,0,984771
Bristol Bay West,325,Nushagak,Nushagak River,37000,477109,22747,172721,0,1150676
Bristol Bay West,325,Nushagak,Wood River,37000,477109,20376,185385,0,1163340
Bristol Bay West,326,Togiak,Togiak River,0,5362,0,0,0,977955