﻿Management Unit,District,District Name,Stream Name,Catch Daily,Catch Cum.,Daily,Cumulative,In-River Estimate,Total Run
Bristol Bay East,321,Ugashik,Ugashik River,0,0,0,0,0,176906
Bristol Bay East,322,Egegik,Egegik River,18000,163548,24834,114996,0,291902
Bristol Bay East,324,Naknek-Kvichak,Kvichak River,0,12888,168,624,0,177530
Bristol Bay East,324,Naknek-Kvichak,Naknek River,0,12888,5310,6330,0,183236
Bristol Bay West,325,Nushagak,Igushik River,0,0,516,984,0,177890
Bristol Bay West,325,Nushagak,Nushagak River,0,0,22092,52524,0,229430
Bristol Bay West,325,Nushagak,Wood River,0,0,20760,40818,0,217724
Bristol Bay West,326,Togiak,Togiak River,0,470,0,0,0,176906