﻿Management Unit,District,District Name,Stream Name,Catch Daily,Catch Cum.,Daily,Cumulative,In-River Estimate,Total Run
Bristol Bay East,321,Ugashik,Ugashik River,34000,45942,0,0,0,830082
Bristol Bay East,322,Egegik,Egegik River,70000,412291,17160,238962,15000,1084044
Bristol Bay East,324,Naknek-Kvichak,Kvichak River,0,12888,2160,3732,0,833814
Bristol Bay East,324,Naknek-Kvichak,Naknek River,0,12888,20922,76416,0,906498
Bristol Bay West,325,Nushagak,Igushik River,107000,354560,3708,17256,0,847338
Bristol Bay West,325,Nushagak,Nushagak River,107000,354560,32224,203141,0,1033223
Bristol Bay West,325,Nushagak,Wood River,107000,354560,33546,176532,0,1006614
Bristol Bay West,326,Togiak,Togiak River,44,4401,0,0,0,830082