﻿Management Unit,District,District Name,Stream Name,Catch Daily,Catch Cum.,Daily,Cumulative,In-River Estimate,Total Run
Bristol Bay East,321,Ugashik,Ugashik River,102000,506956,34536,320196,100000,21561317
Bristol Bay East,322,Egegik,Egegik River,266000,5016619,15090,1255104,25000,22421225
Bristol Bay East,324,Naknek-Kvichak,Kvichak River,492000,10328616,175422,3802602,0,24943723
Bristol Bay East,324,Naknek-Kvichak,Naknek River,492000,10328616,23406,1228656,0,22369777
Bristol Bay West,325,Nushagak,Igushik River,173000,5199998,10362,155526,0,21296647
Bristol Bay West,325,Nushagak,Nushagak River,173000,5199998,12933,512019,0,21653140
Bristol Bay West,325,Nushagak,Wood River,173000,5199998,37728,2334900,0,23476021
Bristol Bay West,326,Togiak,Togiak River,19000,88932,924,9072,0,21150193