﻿Management Unit,District,District Name,Stream Name,Catch Daily,Catch Cum.,Daily,Cumulative,In-River Estimate,Total Run
Bristol Bay East,321,Ugashik,Ugashik River,0,231867,9762,18102,50000,11454686
Bristol Bay East,322,Egegik,Egegik River,0,988586,45444,437886,20000,11844470
Bristol Bay East,324,Naknek-Kvichak,Alagnak River,19000,459391,10092,13026,0,11399610
Bristol Bay East,324,Naknek-Kvichak,Kvichak River,19000,459391,13848,19284,200000,11605868
Bristol Bay East,324,Naknek-Kvichak,Naknek River,19000,459391,75030,490062,0,11876646
Bristol Bay West,325,Nushagak,Igushik River,934000,9686310,21426,120468,0,11507052
Bristol Bay West,325,Nushagak,Nushagak River,934000,9686310,120591,383491,0,11770075
Bristol Bay West,325,Nushagak,Wood River,934000,9686310,636474,3075066,0,14461650
Bristol Bay West,326,Togiak,Togiak River,10000,20430,0,0,0,11386584