﻿Management Unit,District,District Name,Stream Name,Catch Daily,Catch Cum.,Daily,Cumulative,In-River Estimate,Total Run
Bristol Bay East,321,Ugashik,Ugashik River,56000,237478,2988,8340,50000,10486493
Bristol Bay East,322,Egegik,Egegik River,227000,988784,32580,392442,25000,10845595
Bristol Bay East,324,Naknek-Kvichak,Alagnak River,66000,440004,1506,2934,0,10431087
Bristol Bay East,324,Naknek-Kvichak,Kvichak River,66000,440004,1944,5436,100000,10533589
Bristol Bay East,324,Naknek-Kvichak,Naknek River,66000,440004,270912,415044,0,10843197
Bristol Bay West,325,Nushagak,Igushik River,1160000,8751460,22404,99042,0,10527195
Bristol Bay West,325,Nushagak,Nushagak River,1160000,8751460,70392,262900,0,10691053
Bristol Bay West,325,Nushagak,Wood River,1160000,8751460,1130802,2438592,0,12866745
Bristol Bay West,326,Togiak,Togiak River,8000,10427,0,0,0,10428153