﻿Management Unit,District,District Name,Stream Name,Catch Daily,Catch Cum.,Daily,Cumulative,In-River Estimate,Total Run
Bristol Bay East,321,Ugashik,Ugashik River,120000,2022185,111312,308592,200000,19147911
Bristol Bay East,322,Egegik,Egegik River,120000,4457618,17076,1142352,20000,19801671
Bristol Bay East,324,Naknek-Kvichak,Kvichak River,240000,9491876,209532,3694752,100000,22434071
Bristol Bay East,324,Naknek-Kvichak,Naknek River,240000,9491876,11022,771294,0,19410613
Bristol Bay West,325,Nushagak,Igushik River,88000,2458875,12138,113844,0,18753163
Bristol Bay West,325,Nushagak,Nushagak River,88000,2458875,6703,378383,0,19017702
Bristol Bay West,325,Nushagak,Wood River,88000,2458875,27765,687249,0,19326568
Bristol Bay West,326,Togiak,Togiak River,20000,208765,2646,25086,0,18664405