﻿Management Unit,District,District Name,Stream Name,Catch Daily,Catch Cum.,Daily,Cumulative,In-River Estimate,Total Run
Bristol Bay East,321,Ugashik,Ugashik River,0,1744307,27414,138474,200000,17633011
Bristol Bay East,322,Egegik,Egegik River,134000,4239480,21816,1054446,40000,18388983
Bristol Bay East,324,Naknek-Kvichak,Kvichak River,880000,9105956,282270,3176454,250000,20720991
Bristol Bay East,324,Naknek-Kvichak,Naknek River,880000,9105956,29772,731088,0,18025625
Bristol Bay West,325,Nushagak,Igushik River,125000,2042591,12444,93192,0,17387729
Bristol Bay West,325,Nushagak,Nushagak River,125000,2042591,12344,356666,0,17651203
Bristol Bay West,325,Nushagak,Wood River,125000,2042591,76620,616674,0,17911211
Bristol Bay West,326,Togiak,Togiak River,22000,162203,3210,18858,0,17313395