﻿Management Unit,District,District Name,Stream Name,Catch Daily,Catch Cum.,Daily,Cumulative,In-River Estimate,Total Run
Bristol Bay East,321,Ugashik,Ugashik River,98000,405213,43986,244326,100000,19552101
Bristol Bay East,322,Egegik,Egegik River,460000,4494511,116454,1183122,80000,20470897
Bristol Bay East,324,Naknek-Kvichak,Kvichak River,900000,9452670,150894,3444072,500000,23151847
Bristol Bay East,324,Naknek-Kvichak,Naknek River,900000,9452670,51420,1129884,0,20337659
Bristol Bay West,325,Nushagak,Igushik River,340000,4785770,0,128064,0,19335839
Bristol Bay West,325,Nushagak,Nushagak River,340000,4785770,27763,480079,0,19687854
Bristol Bay West,325,Nushagak,Wood River,340000,4785770,98532,2226828,0,21434603
Bristol Bay West,326,Togiak,Togiak River,8000,69611,2070,6024,0,19213799