﻿Management Unit,District,District Name,Stream Name,Catch Daily,Catch Cum.,Daily,Cumulative,In-River Estimate,Total Run
Bristol Bay East,321,Ugashik,Ugashik River,162000,1156253,27090,439134,70000,26314529
Bristol Bay East,322,Egegik,Egegik River,320000,6229501,24522,1339944,20000,27165339
Bristol Bay East,324,Naknek-Kvichak,Kvichak River,323000,12421460,75071,4121495,0,29926890
Bristol Bay East,324,Naknek-Kvichak,Naknek River,323000,12421460,24996,1357566,0,27162961
Bristol Bay West,325,Nushagak,Igushik River,109000,5859126,11094,200658,0,26006053
Bristol Bay West,325,Nushagak,Nushagak River,109000,5859126,6508,551753,0,26357148
Bristol Bay West,325,Nushagak,Wood River,109000,5859126,40038,2479638,0,28285033
Bristol Bay West,326,Togiak,Togiak River,13000,139055,3534,18054,0,25823449