﻿Management Unit,District,District Name,Stream Name,Catch Daily,Catch Cum.,Daily,Cumulative,In-River Estimate,Total Run
Bristol Bay East,321,Ugashik,Ugashik River,0,4032,0,0,0,242573
Bristol Bay East,322,Egegik,Egegik River,0,105660,3672,11988,10000,264561
Bristol Bay East,324,Naknek-Kvichak,Kvichak River,80000,126954,150,444,0,243017
Bristol Bay East,324,Naknek-Kvichak,Naknek River,80000,126954,960,2628,0,245201
Bristol Bay West,325,Nushagak,Igushik River,1571,5291,0,0,0,242573
Bristol Bay West,325,Nushagak,Nushagak River,1571,5291,4168,23248,0,265821
Bristol Bay West,325,Nushagak,Wood River,1571,5291,7800,25554,0,268127
Bristol Bay West,326,Togiak,Togiak River,59,636,0,0,0,242573