﻿Management Unit,District,District Name,Stream Name,Catch Daily,Catch Cum.,Daily,Cumulative,In-River Estimate,Total Run
Bristol Bay East,321,Ugashik,Ugashik River,3700,3744,0,0,0,765805
Bristol Bay East,322,Egegik,Egegik River,0,29472,17622,26646,40000,832451
Bristol Bay East,324,Naknek-Kvichak,Alagnak River,0,507,0,0,0,765805
Bristol Bay East,324,Naknek-Kvichak,Kvichak River,0,507,36,42,0,765847
Bristol Bay East,324,Naknek-Kvichak,Naknek River,0,507,1992,2328,0,768133
Bristol Bay West,325,Nushagak,Igushik River,430000,731856,2022,2022,0,767827
Bristol Bay West,325,Nushagak,Nushagak River,430000,731856,6623,82845,0,848650
Bristol Bay West,325,Nushagak,Wood River,430000,731856,21288,156552,0,922357
Bristol Bay West,326,Togiak,Togiak River,0,226,0,0,0,765805