﻿Management Unit,District,District Name,Stream Name,Catch Daily,Catch Cum.,Daily,Cumulative,In-River Estimate,Total Run
Bristol Bay East,321,Ugashik,Ugashik River,310000,967581,0,0,80000,4128887
Bristol Bay East,322,Egegik,Egegik River,210000,1694529,14952,358050,25000,4431937
Bristol Bay East,324,Naknek-Kvichak,Kvichak River,140000,910544,55410,67992,150000,4266879
Bristol Bay East,324,Naknek-Kvichak,Naknek River,140000,910544,26028,146628,0,4195515
Bristol Bay West,325,Nushagak,Igushik River,114000,476233,51882,51882,0,4100769
Bristol Bay West,325,Nushagak,Nushagak River,114000,476233,85051,547476,0,4596363
Bristol Bay West,325,Nushagak,Wood River,114000,476233,108930,599640,0,4648527
Bristol Bay West,326,Togiak,Togiak River,0,0,0,0,0,4048887