﻿Management Unit,District,District Name,Stream Name,Catch Daily,Catch Cum.,Daily,Cumulative,In-River Estimate,Total Run
Bristol Bay East,321,Ugashik,Ugashik River,120000,620980,12312,106158,75000,5152259
Bristol Bay East,322,Egegik,Egegik River,335000,1562220,27702,578568,30000,5579669
Bristol Bay East,324,Naknek-Kvichak,Kvichak River,264000,522532,105540,134412,150000,5255513
Bristol Bay East,324,Naknek-Kvichak,Naknek River,264000,522532,73830,369900,0,5341001
Bristol Bay West,325,Nushagak,Igushik River,316000,2216379,894,17832,0,4988933
Bristol Bay West,325,Nushagak,Nushagak River,316000,2216379,19032,286065,0,5257166
Bristol Bay West,325,Nushagak,Wood River,316000,2216379,36012,336057,0,5307158
Bristol Bay West,326,Togiak,Togiak River,7700,48990,0,0,0,4971101