﻿Management Unit,District,District Name,Stream Name,Catch Daily,Catch Cum.,Daily,Cumulative,In-River Estimate,Total Run
Bristol Bay East,321,Ugashik,Ugashik River,44000,81716,1362,2580,10000,4918499
Bristol Bay East,322,Egegik,Egegik River,70000,387225,12876,250038,50000,5205957
Bristol Bay East,324,Naknek-Kvichak,Alagnak River,11000,102127,456,456,0,4906375
Bristol Bay East,324,Naknek-Kvichak,Kvichak River,11000,102127,1218,1470,0,4907389
Bristol Bay East,324,Naknek-Kvichak,Naknek River,11000,102127,42312,132270,0,5038189
Bristol Bay West,325,Nushagak,Igushik River,374000,4332746,14370,26592,0,4932511
Bristol Bay West,325,Nushagak,Nushagak River,374000,4332746,16635,165506,0,5071425
Bristol Bay West,325,Nushagak,Wood River,374000,4332746,146880,1121760,0,6027679
Bristol Bay West,326,Togiak,Togiak River,0,2105,0,0,0,4905919