﻿Management Unit,District,District Name,Stream Name,Catch Daily,Catch Cum.,Daily,Cumulative,In-River Estimate,Total Run
Bristol Bay East,321,Ugashik,Ugashik River,21000,1300783,9252,45360,50000,11563026
Bristol Bay East,322,Egegik,Egegik River,612000,3151125,205194,673362,150000,12291028
Bristol Bay East,324,Naknek-Kvichak,Kvichak River,1350000,5425573,413994,1239342,500000,13207008
Bristol Bay East,324,Naknek-Kvichak,Naknek River,1350000,5425573,44988,596226,0,12063892
Bristol Bay West,325,Nushagak,Igushik River,93000,1510052,7434,49650,0,11517316
Bristol Bay West,325,Nushagak,Nushagak River,93000,1510052,28665,195579,0,11663245
Bristol Bay West,325,Nushagak,Wood River,93000,1510052,106878,400098,0,11867764
Bristol Bay West,326,Togiak,Togiak River,20000,80133,3672,7734,0,11475400