﻿Management Unit,District,District Name,Stream Name,Catch Daily,Catch Cum.,Daily,Cumulative,In-River Estimate,Total Run
Bristol Bay East,321,Ugashik,Ugashik River,0,7441,0,0,0,2048284
Bristol Bay East,322,Egegik,Egegik River,250000,1025866,8466,152994,20000,2221278
Bristol Bay East,324,Naknek-Kvichak,Kvichak River,0,36622,306,1116,0,2049400
Bristol Bay East,324,Naknek-Kvichak,Naknek River,0,36622,1458,15162,0,2063446
Bristol Bay West,325,Nushagak,Igushik River,140000,974484,11904,11904,0,2060188
Bristol Bay West,325,Nushagak,Nushagak River,140000,974484,74151,858599,0,2906883
Bristol Bay West,325,Nushagak,Wood River,140000,974484,142830,649836,0,2698120
Bristol Bay West,326,Togiak,Togiak River,200,3871,0,0,0,2048284