﻿Management Unit,District,District Name,Stream Name,Catch Daily,Catch Cum.,Daily,Cumulative,In-River Estimate,Total Run
Bristol Bay East,321,Ugashik,Ugashik River,72000,275913,18828,36504,50000,2312813
Bristol Bay East,322,Egegik,Egegik River,111000,734527,16734,294984,30000,2551293
Bristol Bay East,324,Naknek-Kvichak,Kvichak River,0,22272,840,13374,0,2239683
Bristol Bay East,324,Naknek-Kvichak,Naknek River,0,22272,5706,65340,0,2291649
Bristol Bay West,325,Nushagak,Igushik River,210000,1170920,1206,12246,0,2238555
Bristol Bay West,325,Nushagak,Nushagak River,210000,1170920,17839,210301,0,2436610
Bristol Bay West,325,Nushagak,Wood River,210000,1170920,16176,237213,0,2463522
Bristol Bay West,326,Togiak,Togiak River,10500,22677,0,0,0,2226309