﻿Management Unit,District,District Name,Stream Name,Catch Daily,Catch Cum.,Daily,Cumulative,In-River Estimate,Total Run
Bristol Bay East,321,Ugashik,Ugashik River,186000,3270576,34326,703026,100000,21734685
Bristol Bay East,322,Egegik,Egegik River,315000,5776740,96822,1337352,0,22269011
Bristol Bay East,324,Naknek-Kvichak,Kvichak River,1350000,7831649,321498,3479640,1000000,25411299
Bristol Bay East,324,Naknek-Kvichak,Naknek River,1350000,7831649,107256,1280820,0,22212479
Bristol Bay West,325,Nushagak,Igushik River,290000,3980200,7182,225508,0,21157167
Bristol Bay West,325,Nushagak,Nushagak River,290000,3980200,26708,589012,0,21520671
Bristol Bay West,325,Nushagak,Wood River,290000,3980200,78180,1237986,0,22169645
Bristol Bay West,326,Togiak,Togiak River,0,72494,1308,6978,0,20938637