﻿Management Unit,District,District Name,Stream Name,Catch Daily,Catch Cum.,Daily,Cumulative,In-River Estimate,Total Run
Bristol Bay East,321,Ugashik,Ugashik River,0,1044785,2526,34350,50000,7529013
Bristol Bay East,322,Egegik,Egegik River,535000,1796297,25662,318264,275000,8037927
Bristol Bay East,324,Naknek-Kvichak,Kvichak River,575000,3352259,89244,724326,100000,8268989
Bristol Bay East,324,Naknek-Kvichak,Naknek River,575000,3352259,94164,422364,0,7867027
Bristol Bay West,325,Nushagak,Igushik River,292000,1223926,2718,35346,0,7480009
Bristol Bay West,325,Nushagak,Nushagak River,292000,1223926,10243,155675,0,7600338
Bristol Bay West,325,Nushagak,Wood River,292000,1223926,22590,258312,0,7702975
Bristol Bay West,326,Togiak,Togiak River,17000,27396,0,0,0,7444663