﻿Management Unit,District,District Name,Stream Name,Catch Daily,Catch Cum.,Daily,Cumulative,In-River Estimate,Total Run
Bristol Bay East,321,Ugashik,Ugashik River,105000,1744701,14808,111060,120000,16588376
Bristol Bay East,322,Egegik,Egegik River,253000,4105340,43848,1032630,30000,17419946
Bristol Bay East,324,Naknek-Kvichak,Kvichak River,900000,8213425,426888,2894184,300000,19551500
Bristol Bay East,324,Naknek-Kvichak,Naknek River,900000,8213425,27816,701316,0,17058632
Bristol Bay West,325,Nushagak,Igushik River,246000,2153647,9144,80748,0,16438064
Bristol Bay West,325,Nushagak,Nushagak River,246000,2153647,21678,344322,0,16701638
Bristol Bay West,325,Nushagak,Wood River,246000,2153647,64998,540054,0,16897370
Bristol Bay West,326,Togiak,Togiak River,0,140203,1422,15648,0,16372964