﻿Management Unit,District,District Name,Stream Name,Catch Daily,Catch Cum.,Daily,Cumulative,In-River Estimate,Total Run
Bristol Bay East,321,Ugashik,Ugashik River,0,0,0,0,0,38740
Bristol Bay East,322,Egegik,Egegik River,17000,37129,6504,25218,0,63958
Bristol Bay East,324,Naknek-Kvichak,Kvichak River,1000,1396,90,90,0,38830
Bristol Bay East,324,Naknek-Kvichak,Naknek River,1000,1396,60,336,0,39076
Bristol Bay West,325,Nushagak,Igushik River,0,0,0,0,0,38740
Bristol Bay West,325,Nushagak,Nushagak River,0,0,3760,14080,0,52820
Bristol Bay West,325,Nushagak,Wood River,0,0,1092,4086,0,42826
Bristol Bay West,326,Togiak,Togiak River,124,215,0,0,0,38740