﻿Management Unit,District,District Name,Stream Name,Catch Daily,Catch Cum.,Daily,Cumulative,In-River Estimate,Total Run
Bristol Bay East,321,Ugashik,Ugashik River,319000,2759401,62154,437052,175000,17896793
Bristol Bay East,322,Egegik,Egegik River,454000,4855571,68094,1178232,150000,18612973
Bristol Bay East,324,Naknek-Kvichak,Kvichak River,1006000,4149475,258462,1886478,450000,19621219
Bristol Bay East,324,Naknek-Kvichak,Naknek River,1006000,4149475,57900,912576,0,18197317
Bristol Bay West,325,Nushagak,Igushik River,445000,5337395,17862,142716,0,17427457
Bristol Bay West,325,Nushagak,Nushagak River,445000,5337395,13968,553785,0,17838526
Bristol Bay West,325,Nushagak,Wood River,445000,5337395,46938,882555,0,18167296
Bristol Bay West,326,Togiak,Togiak River,0,182899,3342,14022,0,17298763