﻿Management Unit,District,District Name,Stream Name,Catch Daily,Catch Cum.,Daily,Cumulative,In-River Estimate,Total Run
Bristol Bay East,321,Ugashik,Ugashik River,0,0,0,0,0,378078
Bristol Bay East,322,Egegik,Egegik River,24000,230508,14544,152370,25000,555448
Bristol Bay East,324,Naknek-Kvichak,Kvichak River,0,12888,408,1158,0,379236
Bristol Bay East,324,Naknek-Kvichak,Naknek River,0,12888,5166,15774,0,393852
Bristol Bay West,325,Nushagak,Igushik River,84000,133467,3162,6234,0,384312
Bristol Bay West,325,Nushagak,Nushagak River,84000,133467,21730,122160,0,500238
Bristol Bay West,325,Nushagak,Wood River,84000,133467,22998,87792,0,465870
Bristol Bay West,326,Togiak,Togiak River,731,1215,0,0,0,378078