﻿Management Unit,District,District Name,Stream Name,Catch Daily,Catch Cum.,Daily,Cumulative,In-River Estimate,Total Run
Bristol Bay East,321,Ugashik,Ugashik River,326000,1444281,53034,394236,70000,10325519
Bristol Bay East,322,Egegik,Egegik River,304000,3375255,80244,1059270,100000,11020553
Bristol Bay East,324,Naknek-Kvichak,Kvichak River,216000,2153921,150396,1054974,600000,11516257
Bristol Bay East,324,Naknek-Kvichak,Naknek River,216000,2153921,160116,743328,0,10604611
Bristol Bay West,325,Nushagak,Igushik River,240000,2848537,13848,146038,0,10007321
Bristol Bay West,325,Nushagak,Nushagak River,240000,2848537,25064,429430,0,10290713
Bristol Bay West,325,Nushagak,Wood River,240000,2848537,83454,904422,0,10765705
Bristol Bay West,326,Togiak,Togiak River,4700,39289,210,516,0,9861799