﻿Management Unit,District,District Name,Stream Name,Catch Daily,Catch Cum.,Daily,Cumulative,In-River Estimate,Total Run
Bristol Bay East,321,Ugashik,Ugashik River,386000,1460272,76668,361032,200000,20764734
Bristol Bay East,322,Egegik,Egegik River,604000,6901142,43362,2195730,50000,22449432
Bristol Bay East,324,Naknek-Kvichak,Alagnak River,453000,3107341,122552,854206,0,21057908
Bristol Bay East,324,Naknek-Kvichak,Kvichak River,453000,3107341,59976,1184628,250000,21638330
Bristol Bay East,324,Naknek-Kvichak,Naknek River,453000,3107341,71604,1154532,0,21358234
Bristol Bay West,325,Nushagak,Igushik River,600000,8583624,33612,256278,0,20459980
Bristol Bay West,325,Nushagak,Nushagak River,600000,8583624,62550,2292036,0,22495738
Bristol Bay West,325,Nushagak,Wood River,600000,8583624,209868,2755002,0,22958704
Bristol Bay West,326,Togiak,Togiak River,15000,151323,1848,12654,0,20216356