﻿Management Unit,District,District Name,Stream Name,Catch Daily,Catch Cum.,Daily,Cumulative,In-River Estimate,Total Run
Bristol Bay East,321,Ugashik,Ugashik River,17000,22938,462,462,10000,4025465
Bristol Bay East,322,Egegik,Egegik River,103000,277733,32862,230832,40000,4285835
Bristol Bay East,324,Naknek-Kvichak,Alagnak River,24000,46464,0,0,0,4015003
Bristol Bay East,324,Naknek-Kvichak,Kvichak River,24000,46464,0,90,0,4015093
Bristol Bay East,324,Naknek-Kvichak,Naknek River,24000,46464,20406,54276,0,4069279
Bristol Bay West,325,Nushagak,Igushik River,684000,3665892,1902,9582,0,4024585
Bristol Bay West,325,Nushagak,Nushagak River,684000,3665892,14510,130136,0,4145139
Bristol Bay West,325,Nushagak,Wood River,684000,3665892,230508,663030,0,4678033
Bristol Bay West,326,Togiak,Togiak River,750,1976,0,0,0,4015003