﻿Management Unit,District,District Name,Stream Name,Catch Daily,Catch Cum.,Daily,Cumulative,In-River Estimate,Total Run
Bristol Bay East,321,Ugashik,Ugashik River,720,2780,0,0,0,32792
Bristol Bay East,322,Egegik,Egegik River,2200,21967,1662,10602,0,43394
Bristol Bay East,324,Naknek-Kvichak,Kvichak River,830,1029,0,0,0,32792
Bristol Bay East,324,Naknek-Kvichak,Naknek River,830,1029,186,330,0,33122
Bristol Bay West,325,Nushagak,Igushik River,3140,6960,0,0,0,32792
Bristol Bay West,325,Nushagak,Nushagak River,3140,6960,9549,17917,0,50709
Bristol Bay West,325,Nushagak,Wood River,3140,6960,4734,6765,0,39557
Bristol Bay West,326,Togiak,Togiak River,50,56,0,0,0,32792