﻿Management Unit,District,District Name,Stream Name,Catch Daily,Catch Cum.,Daily,Cumulative,In-River Estimate,Total Run
Bristol Bay East,321,Ugashik,Ugashik River,0,1482348,37152,47886,125000,8153720
Bristol Bay East,322,Egegik,Egegik River,400000,2508348,89592,514284,50000,8545118
Bristol Bay East,324,Naknek-Kvichak,Kvichak River,365000,2336327,71028,262320,200000,8443154
Bristol Bay East,324,Naknek-Kvichak,Naknek River,365000,2336327,93060,330708,0,8311542
Bristol Bay West,325,Nushagak,Igushik River,250000,1634453,9318,156624,0,8137458
Bristol Bay West,325,Nushagak,Nushagak River,250000,1634453,18543,658948,0,8639782
Bristol Bay West,325,Nushagak,Wood River,250000,1634453,44484,765096,0,8745930
Bristol Bay West,326,Togiak,Togiak River,1000,19358,0,0,0,7980834