﻿Management Unit,District,District Name,Stream Name,Catch Daily,Catch Cum.,Daily,Cumulative,In-River Estimate,Total Run
Bristol Bay East,321,Ugashik,Ugashik River,348000,1807777,36060,397092,300000,23073680
Bristol Bay East,322,Egegik,Egegik River,633000,7533857,43290,2239020,50000,24665608
Bristol Bay East,324,Naknek-Kvichak,Alagnak River,582000,3689200,68690,922896,0,23299484
Bristol Bay East,324,Naknek-Kvichak,Kvichak River,582000,3689200,113604,1298232,600000,24274820
Bristol Bay East,324,Naknek-Kvichak,Naknek River,582000,3689200,129840,1284372,0,23660960
Bristol Bay West,325,Nushagak,Igushik River,601000,9184557,30096,286374,0,22662962
Bristol Bay West,325,Nushagak,Nushagak River,601000,9184557,74751,2366787,0,24743375
Bristol Bay West,325,Nushagak,Wood River,601000,9184557,183624,2938626,0,25315214
Bristol Bay West,326,Togiak,Togiak River,10000,161197,3180,15834,0,22392422