﻿Management Unit,District,District Name,Stream Name,Catch Daily,Catch Cum.,Daily,Cumulative,In-River Estimate,Total Run
Bristol Bay East,321,Ugashik,Ugashik River,235000,1279785,1758,36108,50000,9461970
Bristol Bay East,322,Egegik,Egegik River,742000,2538817,149904,468168,200000,10044030
Bristol Bay East,324,Naknek-Kvichak,Kvichak River,750000,4089597,101022,825348,600000,10801210
Bristol Bay East,324,Naknek-Kvichak,Naknek River,750000,4089597,128874,551238,0,9927100
Bristol Bay West,325,Nushagak,Igushik River,179000,1407865,6870,42216,0,9418078
Bristol Bay West,325,Nushagak,Nushagak River,179000,1407865,11239,166914,0,9542776
Bristol Bay West,325,Nushagak,Wood River,179000,1407865,34908,293220,0,9669082
Bristol Bay West,326,Togiak,Togiak River,15000,59798,4062,4062,0,9379924