﻿Management Unit,District,District Name,Stream Name,Catch Daily,Catch Cum.,Daily,Cumulative,In-River Estimate,Total Run
Bristol Bay East,321,Ugashik,Ugashik River,0,139641,420,1596,10000,6595546
Bristol Bay East,322,Egegik,Egegik River,857000,2426699,52902,290574,150000,7024524
Bristol Bay East,324,Naknek-Kvichak,Alagnak River,0,95886,456,4428,0,6588378
Bristol Bay East,324,Naknek-Kvichak,Kvichak River,0,95886,42,8484,0,6592434
Bristol Bay East,324,Naknek-Kvichak,Naknek River,0,95886,16980,90264,0,6674214
Bristol Bay West,325,Nushagak,Igushik River,350000,3891956,11586,122184,0,6706134
Bristol Bay West,325,Nushagak,Nushagak River,350000,3891956,14796,1135072,0,7719022
Bristol Bay West,325,Nushagak,Wood River,350000,3891956,39576,1222074,0,7806024
Bristol Bay West,326,Togiak,Togiak River,0,29768,1116,1116,0,6585066