﻿Management Unit,District,District Name,Stream Name,Catch Daily,Catch Cum.,Daily,Cumulative,In-River Estimate,Total Run
Bristol Bay East,321,Ugashik,Ugashik River,291000,3561659,29460,732486,100000,23659156
Bristol Bay East,322,Egegik,Egegik River,288000,6064543,51756,1389108,0,24215778
Bristol Bay East,324,Naknek-Kvichak,Kvichak River,1100000,8931749,571242,4050882,1000000,27877552
Bristol Bay East,324,Naknek-Kvichak,Naknek River,1100000,8931749,110226,1391046,0,24217716
Bristol Bay West,325,Nushagak,Igushik River,206000,4186225,7242,232750,0,23059420
Bristol Bay West,325,Nushagak,Nushagak River,206000,4186225,35356,624368,0,23451038
Bristol Bay West,325,Nushagak,Wood River,206000,4186225,121968,1359954,0,24186624
Bristol Bay West,326,Togiak,Togiak River,10000,82494,2316,9294,0,22835964