﻿Management Unit,District,District Name,Stream Name,Catch Daily,Catch Cum.,Daily,Cumulative,In-River Estimate,Total Run
Bristol Bay East,321,Ugashik,Ugashik River,10000,1482865,10734,10734,80000,7049485
Bristol Bay East,322,Egegik,Egegik River,0,2108348,19326,424692,50000,7433443
Bristol Bay East,324,Naknek-Kvichak,Kvichak River,450000,1967526,44574,191292,100000,7250043
Bristol Bay East,324,Naknek-Kvichak,Naknek River,450000,1967526,59808,237648,0,7196399
Bristol Bay West,325,Nushagak,Igushik River,347000,1384020,25986,147306,0,7106057
Bristol Bay West,325,Nushagak,Nushagak River,347000,1384020,13875,640405,0,7599156
Bristol Bay West,325,Nushagak,Wood River,347000,1384020,28470,720612,0,7679363
Bristol Bay West,326,Togiak,Togiak River,394,15992,0,0,0,6958751