﻿Management Unit,District,District Name,Stream Name,Catch Daily,Catch Cum.,Daily,Cumulative,In-River Estimate,Total Run
Bristol Bay East,321,Ugashik,Ugashik River,42000,104341,0,0,0,862335
Bristol Bay East,322,Egegik,Egegik River,46000,290551,68874,244482,15000,1121817
Bristol Bay East,324,Naknek-Kvichak,Kvichak River,0,22272,2280,6096,0,868431
Bristol Bay East,324,Naknek-Kvichak,Naknek River,0,22272,16434,38262,0,900597
Bristol Bay West,325,Nushagak,Igushik River,55000,439962,2808,4848,0,867183
Bristol Bay West,325,Nushagak,Nushagak River,55000,439962,8733,149974,0,1012309
Bristol Bay West,325,Nushagak,Wood River,55000,439962,28848,164697,0,1027032
Bristol Bay West,326,Togiak,Togiak River,0,5209,0,0,0,862335