﻿Management Unit,District,District Name,Stream Name,Catch Daily,Catch Cum.,Daily,Cumulative,In-River Estimate,Total Run
Bristol Bay East,321,Ugashik,Ugashik River,323000,3482648,118842,751014,150000,30190101
Bristol Bay East,322,Egegik,Egegik River,502000,9355761,14808,2392776,0,31681863
Bristol Bay East,324,Naknek-Kvichak,Alagnak River,590000,5755002,120378,1632120,0,30921207
Bristol Bay East,324,Naknek-Kvichak,Kvichak River,590000,5755002,190740,2164428,150000,31603515
Bristol Bay East,324,Naknek-Kvichak,Naknek River,590000,5755002,103140,1612332,0,30901419
Bristol Bay West,325,Nushagak,Igushik River,322000,10460516,25788,410820,0,29699907
Bristol Bay West,325,Nushagak,Nushagak River,322000,10460516,30838,2709156,0,31998243
Bristol Bay West,325,Nushagak,Wood River,322000,10460516,191622,3744252,0,33033339
Bristol Bay West,326,Togiak,Togiak River,14000,235160,6726,34620,0,29323707