﻿Management Unit,District,District Name,Stream Name,Catch Daily,Catch Cum.,Daily,Cumulative,In-River Estimate,Total Run
Bristol Bay East,321,Ugashik,Ugashik River,374000,2069651,39312,457002,200000,13161922
Bristol Bay East,322,Egegik,Egegik River,308000,3974873,17352,1154508,20000,13679428
Bristol Bay East,324,Naknek-Kvichak,Kvichak River,1000000,3317524,755736,2303718,400000,15208638
Bristol Bay East,324,Naknek-Kvichak,Naknek River,1000000,3317524,60918,887712,0,13392632
Bristol Bay West,325,Nushagak,Igushik River,94000,3085296,16962,180436,0,12685356
Bristol Bay West,325,Nushagak,Nushagak River,94000,3085296,44738,504760,0,13009680
Bristol Bay West,325,Nushagak,Wood River,94000,3085296,57462,1037814,0,13542734
Bristol Bay West,326,Togiak,Togiak River,10000,57576,0,768,0,12505688