﻿Management Unit,District,District Name,Stream Name,Catch Daily,Catch Cum.,Daily,Cumulative,In-River Estimate,Total Run
Bristol Bay East,321,Ugashik,Ugashik River,0,1896461,22104,261264,60000,13742821
Bristol Bay East,322,Egegik,Egegik River,100000,4286404,41448,855348,150000,14426905
Bristol Bay East,324,Naknek-Kvichak,Kvichak River,0,4084442,14682,1630800,200000,15252357
Bristol Bay East,324,Naknek-Kvichak,Naknek River,0,4084442,92448,769734,0,14191291
Bristol Bay West,325,Nushagak,Igushik River,67000,3031967,18066,298608,0,13720165
Bristol Bay West,325,Nushagak,Nushagak River,67000,3031967,5035,848871,0,14270428
Bristol Bay West,325,Nushagak,Wood River,67000,3031967,22086,1108596,0,14530153
Bristol Bay West,326,Togiak,Togiak River,14000,122283,1674,19272,0,13440829