﻿Management Unit,District,District Name,Stream Name,Catch Daily,Catch Cum.,Daily,Cumulative,In-River Estimate,Total Run
Bristol Bay East,321,Ugashik,Ugashik River,238000,4376450,69414,989040,100000,34045430
Bristol Bay East,322,Egegik,Egegik River,230000,10325509,36552,2583762,0,35540152
Bristol Bay East,324,Naknek-Kvichak,Alagnak River,210000,6795923,67218,1838064,0,34794454
Bristol Bay East,324,Naknek-Kvichak,Kvichak River,210000,6795923,77508,2513700,0,35470090
Bristol Bay East,324,Naknek-Kvichak,Naknek River,210000,6795923,22572,1744356,0,34700746
Bristol Bay West,325,Nushagak,Igushik River,162000,11176720,16356,461004,0,33417394
Bristol Bay West,325,Nushagak,Nushagak River,162000,11176720,28629,2807985,0,35764375
Bristol Bay West,325,Nushagak,Wood River,162000,11176720,103014,4020348,0,36976738
Bristol Bay West,326,Togiak,Togiak River,0,281788,2424,45192,0,33001582