﻿Management Unit,District,District Name,Stream Name,Catch Daily,Catch Cum.,Daily,Cumulative,In-River Estimate,Total Run
Bristol Bay East,321,Ugashik,Ugashik River,237000,929520,5502,250146,80000,8417212
Bristol Bay East,322,Egegik,Egegik River,340000,2826951,108786,834270,100000,9021336
Bristol Bay East,324,Naknek-Kvichak,Kvichak River,218000,1936556,372612,743640,500000,9330706
Bristol Bay East,324,Naknek-Kvichak,Naknek River,218000,1936556,39876,533820,0,8620886
Bristol Bay West,325,Nushagak,Igushik River,295000,2359474,13896,121234,0,8208300
Bristol Bay West,325,Nushagak,Nushagak River,295000,2359474,16741,391058,0,8478124
Bristol Bay West,325,Nushagak,Wood River,295000,2359474,70038,747096,0,8834162
Bristol Bay West,326,Togiak,Togiak River,4500,34565,0,258,0,8087324