﻿Management Unit,District,District Name,Stream Name,Catch Daily,Catch Cum.,Daily,Cumulative,In-River Estimate,Total Run
Bristol Bay East,321,Ugashik,Ugashik River,326000,3888121,35850,768336,150000,25767184
Bristol Bay East,322,Egegik,Egegik River,321000,6392432,33432,1422540,0,26271388
Bristol Bay East,324,Naknek-Kvichak,Kvichak River,1200000,10133488,443994,4494876,800000,30143724
Bristol Bay East,324,Naknek-Kvichak,Naknek River,1200000,10133488,114072,1505118,0,26353966
Bristol Bay West,325,Nushagak,Igushik River,151000,4343100,16110,248860,0,25097708
Bristol Bay West,325,Nushagak,Nushagak River,151000,4343100,45238,669606,0,25518454
Bristol Bay West,325,Nushagak,Wood River,151000,4343100,103524,1463478,0,26312326
Bristol Bay West,326,Togiak,Togiak River,9000,91707,3156,12450,0,24861298