﻿Management Unit,District,District Name,Stream Name,Catch Daily,Catch Cum.,Daily,Cumulative,In-River Estimate,Total Run
Bristol Bay East,321,Ugashik,Ugashik River,220000,4596080,44832,1033872,0,35111284
Bristol Bay East,322,Egegik,Egegik River,228000,10554252,11280,2595042,0,36672454
Bristol Bay East,324,Naknek-Kvichak,Alagnak River,530000,7326501,28884,1870326,0,35947738
Bristol Bay East,324,Naknek-Kvichak,Kvichak River,530000,7326501,53502,2567202,0,36644614
Bristol Bay East,324,Naknek-Kvichak,Naknek River,530000,7326501,22104,1766460,0,35843872
Bristol Bay West,325,Nushagak,Igushik River,130000,11306791,19476,480696,0,34558108
Bristol Bay West,325,Nushagak,Nushagak River,130000,11306791,17442,2825427,0,36902839
Bristol Bay West,325,Nushagak,Wood River,130000,11306791,63462,4083810,0,38161222
Bristol Bay West,326,Togiak,Togiak River,12000,293788,3192,48384,0,34125796