﻿Management Unit,District,District Name,Stream Name,Catch Daily,Catch Cum.,Daily,Cumulative,In-River Estimate,Total Run
Bristol Bay East,321,Ugashik,Ugashik River,230000,1093975,130000,763450,200000,32259526
Bristol Bay East,322,Egegik,Egegik River,294000,3872734,38556,1501614,0,32797690
Bristol Bay East,324,Naknek-Kvichak,Alagnak River,770000,4793685,106692,1090674,0,32386750
Bristol Bay East,324,Naknek-Kvichak,Kvichak River,770000,4793685,332442,3180810,600000,35076886
Bristol Bay East,324,Naknek-Kvichak,Naknek River,770000,4793685,89100,2017638,0,33313714
Bristol Bay West,325,Nushagak,Igushik River,536000,21355218,53772,472944,0,31769020
Bristol Bay West,325,Nushagak,Nushagak River,536000,21355218,22747,991965,0,32288041
Bristol Bay West,325,Nushagak,Wood River,536000,21355218,119994,7021524,0,38317600
Bristol Bay West,326,Togiak,Togiak River,22600,180464,12336,70728,0,31366804