﻿Management Unit,District,District Name,Stream Name,Catch Daily,Catch Cum.,Daily,Cumulative,In-River Estimate,Total Run
Bristol Bay East,321,Ugashik,Ugashik River,5000,2171663,8496,815742,0,16364676
Bristol Bay East,322,Egegik,Egegik River,5000,4832086,0,1113630,0,16662564
Bristol Bay East,324,Naknek-Kvichak,Kvichak River,18000,5010003,0,2088576,0,17637510
Bristol Bay East,324,Naknek-Kvichak,Naknek River,18000,5010003,0,938160,0,16487094
Bristol Bay West,325,Nushagak,Igushik River,1500,3217019,2382,385092,0,15934026
Bristol Bay West,325,Nushagak,Nushagak River,1500,3217019,454,890241,0,16439175
Bristol Bay West,325,Nushagak,Wood River,1500,3217019,0,1183348,0,16732282
Bristol Bay West,326,Togiak,Togiak River,10000,318163,5508,59568,0,15608502