﻿Management Unit,District,District Name,Stream Name,Catch Daily,Catch Cum.,Daily,Cumulative,In-River Estimate,Total Run
Bristol Bay East,321,Ugashik,Ugashik River,16000,5234700,39246,1328748,0,36146395
Bristol Bay East,322,Egegik,Egegik River,24000,8268498,29994,2085696,0,36903343
Bristol Bay East,324,Naknek-Kvichak,Kvichak River,173000,15834211,49746,7224972,0,42042619
Bristol Bay East,324,Naknek-Kvichak,Naknek River,173000,15834211,0,1920954,0,36738601
Bristol Bay West,325,Nushagak,Igushik River,27000,5314680,0,651172,0,35468819
Bristol Bay West,325,Nushagak,Nushagak River,27000,5314680,0,796684,0,35614331
Bristol Bay West,325,Nushagak,Wood River,27000,5314680,15330,1921719,0,36739366
Bristol Bay West,326,Togiak,Togiak River,14000,165558,9726,65634,0,34883281