﻿Management Unit,District,District Name,Stream Name,Catch Daily,Catch Cum.,Daily,Cumulative,In-River Estimate,Total Run
Bristol Bay East,321,Ugashik,Ugashik River,0,3987,0,0,0,69886
Bristol Bay East,322,Egegik,Egegik River,7000,52261,7920,37344,0,107230
Bristol Bay East,324,Naknek-Kvichak,Kvichak River,200,2691,210,468,0,70354
Bristol Bay East,324,Naknek-Kvichak,Naknek River,200,2691,1506,2778,0,72664
Bristol Bay West,325,Nushagak,Igushik River,0,10673,0,0,0,69886
Bristol Bay West,325,Nushagak,Nushagak River,0,10673,10490,35838,0,105724
Bristol Bay West,325,Nushagak,Wood River,0,10673,17274,30777,0,100663
Bristol Bay West,326,Togiak,Togiak River,40,274,0,0,0,69886