﻿Management Unit,District,District Name,Stream Name,Catch Daily,Catch Cum.,Daily,Cumulative,In-River Estimate,Total Run
Bristol Bay East,321,Ugashik,Ugashik River,295000,5731204,52566,1215822,0,33529719
Bristol Bay East,322,Egegik,Egegik River,255000,7478363,42702,1672464,0,33986361
Bristol Bay East,324,Naknek-Kvichak,Kvichak River,755000,11197038,135684,3831858,0,36145755
Bristol Bay East,324,Naknek-Kvichak,Naknek River,755000,11197038,57120,1501452,0,33815349
Bristol Bay West,325,Nushagak,Igushik River,107000,7543496,26796,319278,0,32633175
Bristol Bay West,325,Nushagak,Nushagak River,107000,7543496,0,667110,0,32981007
Bristol Bay West,325,Nushagak,Wood River,107000,7543496,40266,1233903,0,33547800
Bristol Bay West,326,Togiak,Togiak River,16000,363796,3204,48594,0,32362491