﻿Management Unit,District,District Name,Stream Name,Catch Daily,Catch Cum.,Daily,Cumulative,In-River Estimate,Total Run
Bristol Bay East,321,Ugashik,Ugashik River,90000,287838,27966,86880,35000,2722796
Bristol Bay East,322,Egegik,Egegik River,253000,1177600,42594,442398,40000,3083314
Bristol Bay East,324,Naknek-Kvichak,Kvichak River,130000,213414,61098,108186,100000,2809102
Bristol Bay East,324,Naknek-Kvichak,Naknek River,130000,213414,11340,215232,0,2816148
Bristol Bay West,325,Nushagak,Igushik River,153000,914287,11214,47692,0,2648608
Bristol Bay West,325,Nushagak,Nushagak River,153000,914287,27336,300238,0,2901154
Bristol Bay West,325,Nushagak,Wood River,153000,914287,62514,387780,0,2988696
Bristol Bay West,326,Togiak,Togiak River,2881,7777,0,0,0,2600916