﻿Management Unit,District,District Name,Stream Name,Catch Daily,Catch Cum.,Daily,Cumulative,In-River Estimate,Total Run
Bristol Bay East,321,Ugashik,Ugashik River,519000,2736843,85218,544896,200000,26493174
Bristol Bay East,322,Egegik,Egegik River,405000,8421143,65118,2361306,10000,28119584
Bristol Bay East,324,Naknek-Kvichak,Alagnak River,388000,4549033,184170,1202568,0,26950846
Bristol Bay East,324,Naknek-Kvichak,Kvichak River,388000,4549033,227838,1599492,900000,28247770
Bristol Bay East,324,Naknek-Kvichak,Naknek River,388000,4549033,92178,1453704,0,27201982
Bristol Bay West,325,Nushagak,Igushik River,259000,9839720,37032,350478,0,26098756
Bristol Bay West,325,Nushagak,Nushagak River,259000,9839720,104973,2606004,0,28354282
Bristol Bay West,325,Nushagak,Wood River,259000,9839720,210858,3377112,0,29125390
Bristol Bay West,326,Togiak,Togiak River,23000,201539,4524,23190,0,25771468