﻿Management Unit,District,District Name,Stream Name,Catch Daily,Catch Cum.,Daily,Cumulative,In-River Estimate,Total Run
Bristol Bay East,321,Ugashik,Ugashik River,0,7441,0,0,0,1158873
Bristol Bay East,322,Egegik,Egegik River,177000,579388,11934,132996,0,1291869
Bristol Bay East,324,Naknek-Kvichak,Kvichak River,7000,35913,162,162,0,1159035
Bristol Bay East,324,Naknek-Kvichak,Naknek River,7000,35913,6048,12456,0,1171329
Bristol Bay West,325,Nushagak,Igushik River,518000,532779,0,0,0,1158873
Bristol Bay West,325,Nushagak,Nushagak River,518000,532779,294242,580183,0,1739056
Bristol Bay West,325,Nushagak,Wood River,518000,532779,146280,304056,0,1462929
Bristol Bay West,326,Togiak,Togiak River,500,3352,0,0,0,1158873