﻿Management Unit,District,District Name,Stream Name,Catch Daily,Catch Cum.,Daily,Cumulative,In-River Estimate,Total Run
Bristol Bay East,321,Ugashik,Ugashik River,188000,4929408,85908,1042236,0,33817513
Bristol Bay East,322,Egegik,Egegik River,264000,7792279,161970,1894308,0,34669585
Bristol Bay East,324,Naknek-Kvichak,Kvichak River,535000,14826829,680190,6508146,0,39283423
Bristol Bay East,324,Naknek-Kvichak,Naknek River,535000,14826829,47484,1876866,0,34652143
Bristol Bay West,325,Nushagak,Igushik River,108000,5112448,83574,458134,0,33233411
Bristol Bay West,325,Nushagak,Nushagak River,108000,5112448,0,796684,0,33571961
Bristol Bay West,325,Nushagak,Wood River,108000,5112448,71472,1802064,0,34577341
Bristol Bay West,326,Togiak,Togiak River,0,114313,5274,33510,0,32808787