﻿Management Unit,District,District Name,Stream Name,Catch Daily,Catch Cum.,Daily,Cumulative,In-River Estimate,Total Run
Bristol Bay East,321,Ugashik,Ugashik River,328000,4138759,62868,919626,100000,33136069
Bristol Bay East,322,Egegik,Egegik River,326000,10095880,22380,2547210,0,34663653
Bristol Bay East,324,Naknek-Kvichak,Alagnak River,300000,6585761,73416,1770846,0,33887289
Bristol Bay East,324,Naknek-Kvichak,Kvichak River,300000,6585761,140490,2436192,0,34552635
Bristol Bay East,324,Naknek-Kvichak,Naknek River,300000,6585761,35154,1721784,0,33838227
Bristol Bay West,325,Nushagak,Igushik River,213000,11014659,14238,444648,0,32561091
Bristol Bay West,325,Nushagak,Nushagak River,213000,11014659,29783,2779356,0,34895799
Bristol Bay West,325,Nushagak,Wood River,213000,11014659,69420,3917334,0,36033777
Bristol Bay West,326,Togiak,Togiak River,24000,281384,2448,42768,0,32159211