﻿Management Unit,District,District Name,Stream Name,Catch Daily,Catch Cum.,Daily,Cumulative,In-River Estimate,Total Run
Bristol Bay East,321,Ugashik,Ugashik River,340000,2853517,69036,585930,200000,17375170
Bristol Bay East,322,Egegik,Egegik River,524000,5061000,19776,1181310,25000,17795550
Bristol Bay East,324,Naknek-Kvichak,Kvichak River,1146000,5171444,177840,3017448,250000,19856688
Bristol Bay East,324,Naknek-Kvichak,Naknek River,1146000,5171444,56976,1009632,0,17598872
Bristol Bay West,325,Nushagak,Igushik River,262000,3431409,12114,208186,0,16797426
Bristol Bay West,325,Nushagak,Nushagak River,262000,3431409,22223,550177,0,17139417
Bristol Bay West,325,Nushagak,Wood River,262000,3431409,35796,1118616,0,17707856
Bristol Bay West,326,Togiak,Togiak River,5000,71870,1164,4062,0,16593302