﻿Management Unit,District,District Name,Stream Name,Catch Daily,Catch Cum.,Daily,Cumulative,In-River Estimate,Total Run
Bristol Bay East,321,Ugashik,Ugashik River,0,139641,348,1176,10000,5387950
Bristol Bay East,322,Egegik,Egegik River,0,1569699,11160,237672,20000,5634446
Bristol Bay East,324,Naknek-Kvichak,Alagnak River,0,95886,432,3972,0,5380746
Bristol Bay East,324,Naknek-Kvichak,Kvichak River,0,95886,2088,8442,0,5385216
Bristol Bay East,324,Naknek-Kvichak,Naknek River,0,95886,1734,73284,0,5450058
Bristol Bay West,325,Nushagak,Igushik River,44000,3541855,0,99348,0,5476122
Bristol Bay West,325,Nushagak,Nushagak River,44000,3541855,30148,1120276,0,6497050
Bristol Bay West,325,Nushagak,Wood River,44000,3541855,49908,1182498,0,6559272
Bristol Bay West,326,Togiak,Togiak River,6000,29693,0,0,0,5376774