﻿Management Unit,District,District Name,Stream Name,Catch Daily,Catch Cum.,Daily,Cumulative,In-River Estimate,Total Run
Bristol Bay East,321,Ugashik,Ugashik River,25000,1375980,16056,532800,40000,28892050
Bristol Bay East,322,Egegik,Egegik River,40000,6871249,0,1382466,0,29701716
Bristol Bay East,324,Naknek-Kvichak,Kvichak River,20000,13699325,17736,4452546,0,32771796
Bristol Bay East,324,Naknek-Kvichak,Naknek River,20000,13699325,6354,1474428,0,29793678
Bristol Bay West,325,Nushagak,Igushik River,10000,6180412,12042,273660,0,28592910
Bristol Bay West,325,Nushagak,Nushagak River,10000,6180412,6616,608676,0,28927926
Bristol Bay West,325,Nushagak,Wood River,10000,6180412,39342,2734650,0,31053900
Bristol Bay West,326,Togiak,Togiak River,6000,192284,0,31896,0,28351146