﻿Management Unit,District,District Name,Stream Name,Catch Daily,Catch Cum.,Daily,Cumulative,In-River Estimate,Total Run
Bristol Bay East,321,Ugashik,Ugashik River,390000,1573005,40200,233130,120000,10502261
Bristol Bay East,322,Egegik,Egegik River,400000,2954260,31902,786270,30000,10965401
Bristol Bay East,324,Naknek-Kvichak,Kvichak River,302000,1660804,149868,727488,200000,11076619
Bristol Bay East,324,Naknek-Kvichak,Naknek River,302000,1660804,42840,641244,0,10790375
Bristol Bay West,325,Nushagak,Igushik River,370000,3838169,14676,67842,0,10216973
Bristol Bay West,325,Nushagak,Nushagak River,370000,3838169,28457,480463,0,10629594
Bristol Bay West,325,Nushagak,Wood River,370000,3838169,78708,701265,0,10850396
Bristol Bay West,326,Togiak,Togiak River,32000,122893,570,2238,0,10151369