﻿Management Unit,District,District Name,Stream Name,Catch Daily,Catch Cum.,Daily,Cumulative,In-River Estimate,Total Run
Bristol Bay East,321,Ugashik,Ugashik River,304000,657553,0,0,40000,3322962
Bristol Bay East,322,Egegik,Egegik River,276000,1485301,72648,343098,60000,3686060
Bristol Bay East,324,Naknek-Kvichak,Kvichak River,200000,775151,11628,12582,200000,3495544
Bristol Bay East,324,Naknek-Kvichak,Naknek River,200000,775151,16362,82218,0,3365180
Bristol Bay West,325,Nushagak,Igushik River,260000,364957,0,0,0,3282962
Bristol Bay West,325,Nushagak,Nushagak River,260000,364957,93813,462425,0,3745387
Bristol Bay West,325,Nushagak,Wood River,260000,364957,198708,490710,0,3773672
Bristol Bay West,326,Togiak,Togiak River,0,0,0,0,0,3282962