﻿Management Unit,District,District Name,Stream Name,Catch Daily,Catch Cum.,Daily,Cumulative,In-River Estimate,Total Run
Bristol Bay East,321,Ugashik,Ugashik River,0,1308437,9492,486276,30000,28410836
Bristol Bay East,322,Egegik,Egegik River,120000,6693256,13146,1373268,0,29267828
Bristol Bay East,324,Naknek-Kvichak,Kvichak River,190000,13608322,67704,4284084,0,32178644
Bristol Bay East,324,Naknek-Kvichak,Naknek River,190000,13608322,22734,1448364,0,29342924
Bristol Bay West,325,Nushagak,Igushik River,52000,6119846,11964,230562,0,28125122
Bristol Bay West,325,Nushagak,Nushagak River,52000,6119846,8681,589864,0,28484424
Bristol Bay West,325,Nushagak,Wood River,52000,6119846,30906,2593296,0,30487856
Bristol Bay West,326,Togiak,Togiak River,9000,164699,1836,22872,0,27917432