﻿Management Unit,District,District Name,Stream Name,Catch Daily,Catch Cum.,Daily,Cumulative,In-River Estimate,Total Run
Bristol Bay East,321,Ugashik,Ugashik River,401000,4203419,122874,900522,175000,26225332
Bristol Bay East,322,Egegik,Egegik River,316000,6196940,28866,1523478,0,26673288
Bristol Bay East,324,Naknek-Kvichak,Kvichak River,788000,7692344,114432,3111402,250000,28511212
Bristol Bay East,324,Naknek-Kvichak,Naknek River,788000,7692344,76110,1233510,0,26383320
Bristol Bay West,325,Nushagak,Igushik River,302000,6749659,17988,216894,0,25366704
Bristol Bay West,325,Nushagak,Nushagak River,302000,6749659,14464,628045,0,25777855
Bristol Bay West,325,Nushagak,Wood River,302000,6749659,32178,1077339,0,26227149
Bristol Bay West,326,Togiak,Togiak River,25000,307448,5430,33228,0,25183038