﻿Management Unit,District,District Name,Stream Name,Catch Daily,Catch Cum.,Daily,Cumulative,In-River Estimate,Total Run
Bristol Bay East,321,Ugashik,Ugashik River,0,363682,25134,59976,100000,14145229
Bristol Bay East,322,Egegik,Egegik River,163000,1308226,168582,703224,120000,14808477
Bristol Bay East,324,Naknek-Kvichak,Alagnak River,285000,891726,10890,75732,0,14060985
Bristol Bay East,324,Naknek-Kvichak,Kvichak River,285000,891726,75330,168114,150000,14303367
Bristol Bay East,324,Naknek-Kvichak,Naknek River,285000,891726,256926,762726,0,14747979
Bristol Bay West,325,Nushagak,Igushik River,962000,11383866,18438,160992,0,14146245
Bristol Bay West,325,Nushagak,Nushagak River,962000,11383866,52002,467548,0,14452801
Bristol Bay West,325,Nushagak,Wood River,962000,11383866,449292,3772290,0,17757543
Bristol Bay West,326,Togiak,Togiak River,5700,37753,402,816,0,13986069