﻿Management Unit,District,District Name,Stream Name,Catch Daily,Catch Cum.,Daily,Cumulative,In-River Estimate,Total Run
Bristol Bay East,321,Ugashik,Ugashik River,231000,3084630,82770,668700,200000,19649366
Bristol Bay East,322,Egegik,Egegik River,400000,5461063,59220,1240530,120000,20141196
Bristol Bay East,324,Naknek-Kvichak,Kvichak River,1300000,6471859,140694,3158142,500000,22438808
Bristol Bay East,324,Naknek-Kvichak,Naknek River,1300000,6471859,150468,1160100,0,19940766
Bristol Bay West,325,Nushagak,Igushik River,259000,3690656,10140,218326,0,18998992
Bristol Bay West,325,Nushagak,Nushagak River,259000,3690656,12127,562304,0,19342970
Bristol Bay West,325,Nushagak,Wood River,259000,3690656,41190,1159806,0,19940472
Bristol Bay West,326,Togiak,Togiak River,400,72458,1608,5670,0,18786336