﻿Management Unit,District,District Name,Stream Name,Catch Daily,Catch Cum.,Daily,Cumulative,In-River Estimate,Total Run
Bristol Bay East,321,Ugashik,Ugashik River,0,0,0,0,0,60940
Bristol Bay East,322,Egegik,Egegik River,20000,57153,14838,40056,0,100996
Bristol Bay East,324,Naknek-Kvichak,Kvichak River,1900,3339,186,276,0,61216
Bristol Bay East,324,Naknek-Kvichak,Naknek River,1900,3339,24,360,0,61300
Bristol Bay West,325,Nushagak,Igushik River,0,0,0,0,0,60940
Bristol Bay West,325,Nushagak,Nushagak River,0,0,3768,17848,0,78788
Bristol Bay West,325,Nushagak,Wood River,0,0,2178,6264,0,67204
Bristol Bay West,326,Togiak,Togiak River,233,448,0,0,0,60940