﻿Management Unit,District,District Name,Stream Name,Catch Daily,Catch Cum.,Daily,Cumulative,In-River Estimate,Total Run
Bristol Bay East,321,Ugashik,Ugashik River,131000,2510006,5274,1147098,0,40515806
Bristol Bay East,322,Egegik,Egegik River,29000,4813918,0,1608354,0,40977062
Bristol Bay East,324,Naknek-Kvichak,Alagnak River,260000,7837387,19980,1573596,0,40942304
Bristol Bay East,324,Naknek-Kvichak,Kvichak River,260000,7837387,31122,4389222,0,43757930
Bristol Bay East,324,Naknek-Kvichak,Naknek River,260000,7837387,0,2221020,0,41589728
Bristol Bay West,325,Nushagak,Igushik River,95000,23815961,33858,728190,0,40096898
Bristol Bay West,325,Nushagak,Nushagak River,95000,23815961,13390,1130399,0,40499107
Bristol Bay West,325,Nushagak,Wood River,95000,23815961,0,7507254,0,46875962
Bristol Bay West,326,Togiak,Togiak River,33000,391436,15726,219960,0,39588668