﻿Management Unit,District,District Name,Stream Name,Catch Daily,Catch Cum.,Daily,Cumulative,In-River Estimate,Total Run
Bristol Bay East,321,Ugashik,Ugashik River,0,104660,4596,4596,20000,1342504
Bristol Bay East,322,Egegik,Egegik River,116000,484820,8256,262566,15000,1595474
Bristol Bay East,324,Naknek-Kvichak,Kvichak River,0,22272,2538,10380,0,1328288
Bristol Bay East,324,Naknek-Kvichak,Naknek River,0,22272,5988,56712,0,1374620
Bristol Bay West,325,Nushagak,Igushik River,223000,700746,2346,9162,0,1327070
Bristol Bay West,325,Nushagak,Nushagak River,223000,700746,10226,182947,0,1500855
Bristol Bay West,325,Nushagak,Wood River,223000,700746,11046,196431,0,1514339
Bristol Bay West,326,Togiak,Togiak River,0,5410,0,0,0,1317908