﻿Management Unit,District,District Name,Stream Name,Catch Daily,Catch Cum.,Daily,Cumulative,In-River Estimate,Total Run
Bristol Bay East,321,Ugashik,Ugashik River,0,4549,0,0,12000,4161173
Bristol Bay East,322,Egegik,Egegik River,860000,1354558,55992,295074,250000,4694247
Bristol Bay East,324,Naknek-Kvichak,Kvichak River,663000,1660060,181032,259566,300000,4708739
Bristol Bay East,324,Naknek-Kvichak,Naknek River,663000,1660060,48798,352866,0,4502039
Bristol Bay West,325,Nushagak,Igushik River,511000,1116917,12,360,0,4149533
Bristol Bay West,325,Nushagak,Nushagak River,511000,1116917,98422,210376,0,4359549
Bristol Bay West,325,Nushagak,Wood River,511000,1116917,583308,885888,0,5035061
Bristol Bay West,326,Togiak,Togiak River,2024,13089,0,0,0,4149173