﻿Management Unit,District,District Name,Stream Name,Catch Daily,Catch Cum.,Daily,Cumulative,In-River Estimate,Total Run
Bristol Bay East,321,Ugashik,Ugashik River,0,10180,2514,2700,30000,8850397
Bristol Bay East,322,Egegik,Egegik River,664000,2704211,59868,610536,70000,9498233
Bristol Bay East,324,Naknek-Kvichak,Kvichak River,720000,3550863,146484,614598,250000,9682295
Bristol Bay East,324,Naknek-Kvichak,Naknek River,720000,3550863,146390,568100,0,9385797
Bristol Bay West,325,Nushagak,Igushik River,653000,2538486,16488,17388,0,8835085
Bristol Bay West,325,Nushagak,Nushagak River,653000,2538486,31457,312980,0,9130677
Bristol Bay West,325,Nushagak,Wood River,653000,2538486,160200,1361514,0,10179211
Bristol Bay West,326,Togiak,Togiak River,253,13957,0,0,0,8817697