﻿Management Unit,District,District Name,Stream Name,Catch Daily,Catch Cum.,Daily,Cumulative,In-River Estimate,Total Run
Bristol Bay East,321,Ugashik,Ugashik River,1200,3979,0,0,0,58668
Bristol Bay East,322,Egegik,Egegik River,23000,44963,18822,29424,0,88092
Bristol Bay East,324,Naknek-Kvichak,Kvichak River,1500,2530,258,258,0,58926
Bristol Bay East,324,Naknek-Kvichak,Naknek River,1500,2530,942,1272,0,59940
Bristol Bay West,325,Nushagak,Igushik River,0,6962,0,0,0,58668
Bristol Bay West,325,Nushagak,Nushagak River,0,6962,7431,25348,0,84016
Bristol Bay West,325,Nushagak,Wood River,0,6962,6738,13503,0,72171
Bristol Bay West,326,Togiak,Togiak River,180,234,0,0,0,58668