﻿Management Unit,District,District Name,Stream Name,Catch Daily,Catch Cum.,Daily,Cumulative,In-River Estimate,Total Run
Bristol Bay East,321,Ugashik,Ugashik River,147000,2119252,15414,1124046,0,38825301
Bristol Bay East,322,Egegik,Egegik River,113000,4668565,19422,1585548,0,39286803
Bristol Bay East,324,Naknek-Kvichak,Alagnak River,421000,7150423,39960,1460334,0,39161589
Bristol Bay East,324,Naknek-Kvichak,Kvichak River,421000,7150423,80448,4282818,0,41984073
Bristol Bay East,324,Naknek-Kvichak,Naknek River,421000,7150423,12324,2221020,0,39922275
Bristol Bay West,325,Nushagak,Igushik River,271000,23427404,25932,639582,0,38340837
Bristol Bay West,325,Nushagak,Nushagak River,271000,23427404,11569,1074168,0,38775423
Bristol Bay West,325,Nushagak,Wood River,271000,23427404,95412,7507254,0,45208509
Bristol Bay West,326,Togiak,Togiak River,29000,335611,15360,172320,0,37873575