﻿Management Unit,District,District Name,Stream Name,Catch Daily,Catch Cum.,Daily,Cumulative,In-River Estimate,Total Run
Bristol Bay East,321,Ugashik,Ugashik River,170000,1472480,0,0,100000,6269879
Bristol Bay East,322,Egegik,Egegik River,219000,2113683,2814,405366,30000,6605245
Bristol Bay East,324,Naknek-Kvichak,Kvichak River,400000,1530858,24042,146718,50000,6366597
Bristol Bay East,324,Naknek-Kvichak,Naknek River,400000,1530858,20766,177840,0,6347719
Bristol Bay West,325,Nushagak,Igushik River,329000,1037169,34974,121320,0,6291199
Bristol Bay West,325,Nushagak,Nushagak River,329000,1037169,25208,626530,0,6796409
Bristol Bay West,325,Nushagak,Wood River,329000,1037169,35262,692142,0,6862021
Bristol Bay West,326,Togiak,Togiak River,1000,15689,0,0,0,6169879