﻿Management Unit,District,District Name,Stream Name,Catch Daily,Catch Cum.,Daily,Cumulative,In-River Estimate,Total Run
Bristol Bay East,321,Ugashik,Ugashik River,0,1883718,29418,190542,80000,13305024
Bristol Bay East,322,Egegik,Egegik River,12000,4186308,19404,790650,20000,13845132
Bristol Bay East,324,Naknek-Kvichak,Kvichak River,0,4084442,86376,1570626,100000,14705108
Bristol Bay East,324,Naknek-Kvichak,Naknek River,0,4084442,13812,561342,0,13595824
Bristol Bay West,325,Nushagak,Igushik River,100000,2789276,29070,254208,0,13288690
Bristol Bay West,325,Nushagak,Nushagak River,100000,2789276,33554,819193,0,13853675
Bristol Bay West,325,Nushagak,Wood River,100000,2789276,39708,1039614,0,14074096
Bristol Bay West,326,Togiak,Togiak River,24000,90738,4140,4140,0,13038622