﻿Management Unit,District,District Name,Stream Name,Catch Daily,Catch Cum.,Daily,Cumulative,In-River Estimate,Total Run
Bristol Bay East,321,Ugashik,Ugashik River,0,6769293,0,1635270,0,39034958
Bristol Bay East,322,Egegik,Egegik River,0,8485706,0,1837260,0,39236948
Bristol Bay East,324,Naknek-Kvichak,Kvichak River,0,13610820,0,4462728,0,41862416
Bristol Bay East,324,Naknek-Kvichak,Naknek River,0,13610820,0,1691910,0,39091598
Bristol Bay West,325,Nushagak,Igushik River,0,7989523,0,469230,0,37868918
Bristol Bay West,325,Nushagak,Nushagak River,0,7989523,0,680513,0,38080201
Bristol Bay West,325,Nushagak,Wood River,0,7989523,0,1309707,0,38709395
Bristol Bay West,326,Togiak,Togiak River,0,544346,8694,158106,0,37557794