﻿Management Unit,District,District Name,Stream Name,Catch Daily,Catch Cum.,Daily,Cumulative,In-River Estimate,Total Run
Bristol Bay East,321,Ugashik,Ugashik River,43000,1351437,14268,500544,40000,28641440
Bristol Bay East,322,Egegik,Egegik River,84000,6776874,3312,1376580,0,29477476
Bristol Bay East,324,Naknek-Kvichak,Kvichak River,42000,13649551,105000,4389084,0,32489980
Bristol Bay East,324,Naknek-Kvichak,Naknek River,42000,13649551,12354,1460718,0,29561614
Bristol Bay West,325,Nushagak,Igushik River,27000,6147079,17628,248190,0,28349086
Bristol Bay West,325,Nushagak,Nushagak River,27000,6147079,7313,597177,0,28698073
Bristol Bay West,325,Nushagak,Wood River,27000,6147079,61188,2654484,0,30755380
Bristol Bay West,326,Togiak,Togiak River,11000,175955,1590,24462,0,28125358