﻿Management Unit,District,District Name,Stream Name,Catch Daily,Catch Cum.,Daily,Cumulative,In-River Estimate,Total Run
Bristol Bay East,321,Ugashik,Ugashik River,128000,5057619,92784,1135020,0,34702350
Bristol Bay East,322,Egegik,Egegik River,178000,8011284,83358,1977666,0,35544996
Bristol Bay East,324,Naknek-Kvichak,Kvichak River,342000,15168307,420198,6928344,0,40495674
Bristol Bay East,324,Naknek-Kvichak,Naknek River,342000,15168307,21768,1898634,0,35465964
Bristol Bay West,325,Nushagak,Igushik River,84000,5196807,87834,545968,0,34113298
Bristol Bay West,325,Nushagak,Nushagak River,84000,5196807,0,796684,0,34364014
Bristol Bay West,325,Nushagak,Wood River,84000,5196807,53589,1855653,0,35422983
Bristol Bay West,326,Togiak,Togiak River,19000,133313,6858,40368,0,33607698