﻿Management Unit,District,District Name,Stream Name,Catch Daily,Catch Cum.,Daily,Cumulative,In-River Estimate,Total Run
Bristol Bay East,321,Ugashik,Ugashik River,375000,3802655,129684,777648,175000,24317408
Bristol Bay East,322,Egegik,Egegik River,303000,5881116,32268,1494612,20000,24879372
Bristol Bay East,324,Naknek-Kvichak,Kvichak River,1000000,6949495,269292,2996970,250000,26611730
Bristol Bay East,324,Naknek-Kvichak,Naknek River,1000000,6949495,99624,1157400,0,24522160
Bristol Bay West,325,Nushagak,Igushik River,325000,6448769,17874,198906,0,23563666
Bristol Bay West,325,Nushagak,Nushagak River,325000,6448769,16055,613581,0,23978341
Bristol Bay West,325,Nushagak,Wood River,325000,6448769,44046,1045161,0,24409921
Bristol Bay West,326,Togiak,Togiak River,41000,282725,4854,27798,0,23392558