﻿Management Unit,District,District Name,Stream Name,Catch Daily,Catch Cum.,Daily,Cumulative,In-River Estimate,Total Run
Bristol Bay East,321,Ugashik,Ugashik River,11000,1881482,9342,133152,50000,12159885
Bristol Bay East,322,Egegik,Egegik River,234000,4047641,19776,718254,25000,12719987
Bristol Bay East,324,Naknek-Kvichak,Kvichak River,250000,3648666,304596,1011414,400000,13388147
Bristol Bay East,324,Naknek-Kvichak,Naknek River,250000,3648666,17658,505398,0,12482131
Bristol Bay West,325,Nushagak,Igushik River,155000,2361858,9078,181476,0,12158209
Bristol Bay West,325,Nushagak,Nushagak River,155000,2361858,19599,744836,0,12721569
Bristol Bay West,325,Nushagak,Wood River,155000,2361858,34998,918162,0,12894895
Bristol Bay West,326,Togiak,Togiak River,9000,37086,0,0,0,11976733