﻿Management Unit,District,District Name,Stream Name,Catch Daily,Catch Cum.,Daily,Cumulative,In-River Estimate,Total Run
Bristol Bay East,321,Ugashik,Ugashik River,0,245563,35388,160410,150000,15551944
Bristol Bay East,322,Egegik,Egegik River,72000,3595408,54282,925806,50000,16217340
Bristol Bay East,324,Naknek-Kvichak,Kvichak River,1100000,7290497,481890,3023970,100000,18365504
Bristol Bay East,324,Naknek-Kvichak,Naknek River,1100000,7290497,25560,1044666,0,16286200
Bristol Bay West,325,Nushagak,Igushik River,332000,4056316,15936,119838,0,15361372
Bristol Bay West,325,Nushagak,Nushagak River,332000,4056316,15697,432139,0,15673673
Bristol Bay West,325,Nushagak,Wood River,332000,4056316,101052,2022724,0,17264258
Bristol Bay West,326,Togiak,Togiak River,5000,53750,1542,1542,0,15243076