﻿Management Unit,District,District Name,Stream Name,Catch Daily,Catch Cum.,Daily,Cumulative,In-River Estimate,Total Run
Bristol Bay East,321,Ugashik,Ugashik River,143000,2262194,8628,1132674,0,39515227
Bristol Bay East,322,Egegik,Egegik River,78000,4746522,15000,1600548,0,39983101
Bristol Bay East,324,Naknek-Kvichak,Alagnak River,292000,7441670,38202,1498536,0,39881089
Bristol Bay East,324,Naknek-Kvichak,Kvichak River,292000,7441670,43854,4326672,0,42709225
Bristol Bay East,324,Naknek-Kvichak,Naknek River,292000,7441670,0,2221020,0,40603573
Bristol Bay West,325,Nushagak,Igushik River,163000,23590687,29658,669240,0,39051793
Bristol Bay West,325,Nushagak,Nushagak River,163000,23590687,27511,1101679,0,39484232
Bristol Bay West,325,Nushagak,Wood River,163000,23590687,0,7507254,0,45889807
Bristol Bay West,326,Togiak,Togiak River,6300,341480,16782,189102,0,38571655