﻿Management Unit,District,District Name,Stream Name,Catch Daily,Catch Cum.,Daily,Cumulative,In-River Estimate,Total Run
Bristol Bay East,321,Ugashik,Ugashik River,198000,1544890,125772,1001304,0,35225020
Bristol Bay East,322,Egegik,Egegik River,137000,4332022,14490,1537170,0,35760886
Bristol Bay East,324,Naknek-Kvichak,Alagnak River,425000,5730385,67746,1277046,0,35500762
Bristol Bay East,324,Naknek-Kvichak,Kvichak River,425000,5730385,251586,3758052,0,37981768
Bristol Bay East,324,Naknek-Kvichak,Naknek River,425000,5730385,47982,2153958,0,36377674
Bristol Bay West,325,Nushagak,Igushik River,385000,22365408,41070,554850,0,34778566
Bristol Bay West,325,Nushagak,Nushagak River,385000,22365408,19572,1030540,0,35254256
Bristol Bay West,325,Nushagak,Wood River,385000,22365408,113616,7275732,0,41499448
Bristol Bay West,326,Togiak,Togiak River,33300,251011,22986,115650,0,34339366