﻿Management Unit,District,District Name,Stream Name,Catch Daily,Catch Cum.,Daily,Cumulative,In-River Estimate,Total Run
Bristol Bay East,321,Ugashik,Ugashik River,340000,1301763,0,0,90000,5103892
Bristol Bay East,322,Egegik,Egegik River,217000,1895501,44502,402552,15000,5431444
Bristol Bay East,324,Naknek-Kvichak,Kvichak River,225000,1132755,54684,122676,40000,5176568
Bristol Bay East,324,Naknek-Kvichak,Naknek River,225000,1132755,10446,157074,0,5170966
Bristol Bay West,325,Nushagak,Igushik River,207821,683873,34464,86346,0,5100238
Bristol Bay West,325,Nushagak,Nushagak River,207821,683873,53846,601322,0,5615214
Bristol Bay West,325,Nushagak,Wood River,207821,683873,57240,656880,0,5670772
Bristol Bay West,326,Togiak,Togiak River,0,0,0,0,0,5013892