﻿Management Unit,District,District Name,Stream Name,Catch Daily,Catch Cum.,Daily,Cumulative,In-River Estimate,Total Run
Bristol Bay East,321,Ugashik,Ugashik River,53000,2039207,81726,406404,350000,15508672
Bristol Bay East,322,Egegik,Egegik River,90000,4644693,26662,1098244,0,15850512
Bristol Bay East,324,Naknek-Kvichak,Kvichak River,120000,4694040,117126,2058732,50000,16861000
Bristol Bay East,324,Naknek-Kvichak,Naknek River,120000,4694040,18600,928674,0,15680942
Bristol Bay West,325,Nushagak,Igushik River,24000,3151461,12414,342126,0,15094394
Bristol Bay West,325,Nushagak,Nushagak River,24000,3151461,6707,876283,0,15628551
Bristol Bay West,325,Nushagak,Wood River,24000,3151461,11862,1157604,0,15909872
Bristol Bay West,326,Togiak,Togiak River,20000,222867,5052,30804,0,14783072