﻿Management Unit,District,District Name,Stream Name,Catch Daily,Catch Cum.,Daily,Cumulative,In-River Estimate,Total Run
Bristol Bay East,321,Ugashik,Ugashik River,170000,4741124,72300,956328,0,32628699
Bristol Bay East,322,Egegik,Egegik River,292000,7528609,70098,1732338,0,33404709
Bristol Bay East,324,Naknek-Kvichak,Kvichak River,715000,14284246,295080,5827956,0,37500327
Bristol Bay East,324,Naknek-Kvichak,Naknek River,715000,14284246,111720,1829382,0,33501753
Bristol Bay West,325,Nushagak,Igushik River,111000,5004229,40566,374560,0,32046931
Bristol Bay West,325,Nushagak,Nushagak River,111000,5004229,44366,796684,0,32469055
Bristol Bay West,325,Nushagak,Wood River,111000,5004229,72678,1730592,0,33402963
Bristol Bay West,326,Togiak,Togiak River,0,114163,2772,28146,0,31700517