﻿Management Unit,District,District Name,Stream Name,Catch Daily,Catch Cum.,Daily,Cumulative,In-River Estimate,Total Run
Bristol Bay East,321,Ugashik,Ugashik River,0,5445530,0,1186446,0,38720509
Bristol Bay East,322,Egegik,Egegik River,0,11816085,0,2595042,0,40129105
Bristol Bay East,324,Naknek-Kvichak,Alagnak River,0,8098721,0,2041824,0,39575887
Bristol Bay East,324,Naknek-Kvichak,Kvichak River,0,8098721,7374,3163404,0,40697467
Bristol Bay East,324,Naknek-Kvichak,Naknek River,0,8098721,0,1899972,0,39434035
Bristol Bay West,325,Nushagak,Igushik River,0,11731172,0,579120,0,38113183
Bristol Bay West,325,Nushagak,Nushagak River,0,11731172,0,2841330,0,40375393
Bristol Bay West,325,Nushagak,Wood River,0,11731172,0,4274224,0,41808287
Bristol Bay West,326,Togiak,Togiak River,0,442555,6666,141750,0,37675813