﻿Management Unit,District,District Name,Stream Name,Catch Daily,Catch Cum.,Daily,Cumulative,In-River Estimate,Total Run
Bristol Bay East,321,Ugashik,Ugashik River,96000,592919,41922,362118,80000,22904786
Bristol Bay East,322,Egegik,Egegik River,423000,5437466,17994,1273098,15000,23750766
Bristol Bay East,324,Naknek-Kvichak,Kvichak River,520000,10848296,107208,3909810,0,26372478
Bristol Bay East,324,Naknek-Kvichak,Naknek River,520000,10848296,29718,1258374,0,23721042
Bristol Bay West,325,Nushagak,Igushik River,279000,5479009,8586,164112,0,22626780
Bristol Bay West,325,Nushagak,Nushagak River,279000,5479009,14315,526334,0,22989002
Bristol Bay West,325,Nushagak,Wood River,279000,5479009,41370,2376270,0,24838938
Bristol Bay West,326,Togiak,Togiak River,16000,104978,870,9942,0,22472610