﻿Management Unit,District,District Name,Stream Name,Catch Daily,Catch Cum.,Daily,Cumulative,In-River Estimate,Total Run
Bristol Bay East,321,Ugashik,Ugashik River,0,75942,17622,23016,200000,11390495
Bristol Bay East,322,Egegik,Egegik River,165000,3128882,103500,796902,50000,12014381
Bristol Bay East,324,Naknek-Kvichak,Kvichak River,700000,4635563,487236,1338126,800000,13305605
Bristol Bay East,324,Naknek-Kvichak,Naknek River,700000,4635563,140940,929300,0,12096779
Bristol Bay West,325,Nushagak,Igushik River,365000,3303135,20676,65838,0,11233317
Bristol Bay West,325,Nushagak,Nushagak River,365000,3303135,28793,372301,0,11539780
Bristol Bay West,325,Nushagak,Wood River,365000,3303135,158508,1716478,0,12883957
Bristol Bay West,326,Togiak,Togiak River,10000,23957,0,0,0,11167479