﻿Management Unit,District,District Name,Stream Name,Catch Daily,Catch Cum.,Daily,Cumulative,In-River Estimate,Total Run
Bristol Bay East,321,Ugashik,Ugashik River,86000,1308402,16458,476784,40000,28041062
Bristol Bay East,322,Egegik,Egegik River,146000,6573409,13842,1360122,0,28884400
Bristol Bay East,324,Naknek-Kvichak,Kvichak River,290000,13418719,16848,4216380,0,31740658
Bristol Bay East,324,Naknek-Kvichak,Naknek River,290000,13418719,36312,1425630,0,28949908
Bristol Bay West,325,Nushagak,Igushik River,88000,6068049,8214,218598,0,27742876
Bristol Bay West,325,Nushagak,Nushagak River,88000,6068049,20687,581183,0,28105461
Bristol Bay West,325,Nushagak,Wood River,88000,6068049,25590,2562390,0,30086668
Bristol Bay West,326,Togiak,Togiak River,0,155699,1704,21036,0,27545314