﻿Management Unit,District,District Name,Stream Name,Catch Daily,Catch Cum.,Daily,Cumulative,In-River Estimate,Total Run
Bristol Bay East,321,Ugashik,Ugashik River,0,1350980,16200,516744,40000,28771899
Bristol Bay East,322,Egegik,Egegik River,55000,6831706,5886,1382466,0,29597621
Bristol Bay East,324,Naknek-Kvichak,Kvichak River,30000,13679247,45726,4434810,0,32649965
Bristol Bay East,324,Naknek-Kvichak,Naknek River,30000,13679247,7356,1468074,0,29683229
Bristol Bay West,325,Nushagak,Igushik River,23000,6169986,13428,261618,0,28476773
Bristol Bay West,325,Nushagak,Nushagak River,23000,6169986,4883,602060,0,28817215
Bristol Bay West,325,Nushagak,Wood River,23000,6169986,40824,2695308,0,30910463
Bristol Bay West,326,Togiak,Togiak River,7000,183236,7434,31896,0,28247051