﻿Management Unit,District,District Name,Stream Name,Catch Daily,Catch Cum.,Daily,Cumulative,In-River Estimate,Total Run
Bristol Bay East,321,Ugashik,Ugashik River,153000,6371580,68706,1429152,0,36902033
Bristol Bay East,322,Egegik,Egegik River,120000,8015626,25362,1761246,0,37234127
Bristol Bay East,324,Naknek-Kvichak,Kvichak River,376000,12782366,87564,4221276,0,39694157
Bristol Bay East,324,Naknek-Kvichak,Naknek River,376000,12782366,33624,1606560,0,37079441
Bristol Bay West,325,Nushagak,Igushik River,55600,7863429,23022,408636,0,35881517
Bristol Bay West,325,Nushagak,Nushagak River,55600,7863429,0,680513,0,36153394
Bristol Bay West,325,Nushagak,Wood River,55600,7863429,6708,1309707,0,36782588
Bristol Bay West,326,Togiak,Togiak River,22500,439880,5970,66990,0,35539871