﻿Management Unit,District,District Name,Stream Name,Catch Daily,Catch Cum.,Daily,Cumulative,In-River Estimate,Total Run
Bristol Bay East,321,Ugashik,Ugashik River,0,5938,0,0,10000,3196811
Bristol Bay East,322,Egegik,Egegik River,52000,175552,39246,197970,60000,3444781
Bristol Bay East,324,Naknek-Kvichak,Alagnak River,22000,22507,0,0,0,3186811
Bristol Bay East,324,Naknek-Kvichak,Kvichak River,22000,22507,0,90,0,3186901
Bristol Bay East,324,Naknek-Kvichak,Naknek River,22000,22507,16482,33156,0,3219967
Bristol Bay West,325,Nushagak,Igushik River,1032000,2981608,1014,7680,0,3194491
Bristol Bay West,325,Nushagak,Nushagak River,1032000,2981608,12873,112626,0,3299437
Bristol Bay West,325,Nushagak,Wood River,1032000,2981608,152382,432522,0,3619333
Bristol Bay West,326,Togiak,Togiak River,500,1206,0,0,0,3186811