﻿Management Unit,District,District Name,Stream Name,Catch Daily,Catch Cum.,Daily,Cumulative,In-River Estimate,Total Run
Bristol Bay East,321,Ugashik,Ugashik River,6000,2166106,16290,807246,0,16314453
Bristol Bay East,322,Egegik,Egegik River,6000,4826853,0,1113630,0,16620837
Bristol Bay East,324,Naknek-Kvichak,Kvichak River,24000,4992047,0,2088576,0,17595783
Bristol Bay East,324,Naknek-Kvichak,Naknek River,24000,4992047,0,938160,0,16445367
Bristol Bay West,325,Nushagak,Igushik River,3000,3214528,3426,382710,0,15889917
Bristol Bay West,325,Nushagak,Nushagak River,3000,3214528,1359,889787,0,16396994
Bristol Bay West,325,Nushagak,Wood River,3000,3214528,0,1183348,0,16690555
Bristol Bay West,326,Togiak,Togiak River,14000,307673,3270,54060,0,15561267