﻿Management Unit,District,District Name,Stream Name,Catch Daily,Catch Cum.,Daily,Cumulative,In-River Estimate,Total Run
Bristol Bay East,321,Ugashik,Ugashik River,103000,5090236,16854,1126554,0,37190614
Bristol Bay East,322,Egegik,Egegik River,98000,11235026,0,2595042,0,38659102
Bristol Bay East,324,Naknek-Kvichak,Alagnak River,46000,7856113,48474,2021430,0,38085490
Bristol Bay East,324,Naknek-Kvichak,Kvichak River,46000,7856113,52374,2682708,0,38746768
Bristol Bay East,324,Naknek-Kvichak,Naknek River,46000,7856113,8070,1863240,0,37927300
Bristol Bay West,325,Nushagak,Igushik River,57000,11530574,18870,531438,0,36595498
Bristol Bay West,325,Nushagak,Nushagak River,57000,11530574,0,2843875,0,38907935
Bristol Bay West,325,Nushagak,Wood River,57000,11530574,46998,4207734,0,40271794
Bristol Bay West,326,Togiak,Togiak River,15500,352111,8508,62538,0,36126598