﻿Management Unit,District,District Name,Stream Name,Catch Daily,Catch Cum.,Daily,Cumulative,In-River Estimate,Total Run
Bristol Bay East,321,Ugashik,Ugashik River,90000,1986461,41784,324678,250000,15016119
Bristol Bay East,322,Egegik,Egegik River,60000,4558452,97584,1071582,30000,15543023
Bristol Bay East,324,Naknek-Kvichak,Kvichak River,490000,4574442,232362,1941606,150000,16533047
Bristol Bay East,324,Naknek-Kvichak,Naknek River,490000,4574442,30528,910074,0,15351515
Bristol Bay West,325,Nushagak,Igushik River,49000,3127421,13740,329712,0,14771153
Bristol Bay West,325,Nushagak,Nushagak River,49000,3127421,10641,869576,0,15311017
Bristol Bay West,325,Nushagak,Wood River,49000,3127421,14982,1145742,0,15587183
Bristol Bay West,326,Togiak,Togiak River,30000,194665,0,21354,0,14462795