﻿Management Unit,District,District Name,Stream Name,Catch Daily,Catch Cum.,Daily,Cumulative,In-River Estimate,Total Run
Bristol Bay East,321,Ugashik,Ugashik River,0,1883718,8382,141534,60000,12741580
Bristol Bay East,322,Egegik,Egegik River,128000,4175486,35982,754236,20000,13314282
Bristol Bay East,324,Naknek-Kvichak,Kvichak River,250000,3900900,318012,1329426,200000,14069472
Bristol Bay East,324,Naknek-Kvichak,Naknek River,250000,3900900,24660,530058,0,13070104
Bristol Bay West,325,Nushagak,Igushik River,180000,2540620,20898,202374,0,12742420
Bristol Bay West,325,Nushagak,Nushagak River,180000,2540620,16799,761635,0,13301681
Bristol Bay West,325,Nushagak,Wood River,180000,2540620,44934,963096,0,13503142
Bristol Bay West,326,Togiak,Togiak River,0,39322,0,0,0,12540046