﻿Management Unit,District,District Name,Stream Name,Catch Daily,Catch Cum.,Daily,Cumulative,In-River Estimate,Total Run
Bristol Bay East,321,Ugashik,Ugashik River,44000,181060,2286,5352,10000,8922136
Bristol Bay East,322,Egegik,Egegik River,157000,761853,38178,359862,25000,9291646
Bristol Bay East,324,Naknek-Kvichak,Alagnak River,258000,374974,780,1428,0,8908212
Bristol Bay East,324,Naknek-Kvichak,Kvichak River,258000,374974,1284,3492,0,8910276
Bristol Bay East,324,Naknek-Kvichak,Naknek River,258000,374974,2880,144132,0,9050916
Bristol Bay West,325,Nushagak,Igushik River,1693000,7586470,24522,76638,0,8983422
Bristol Bay West,325,Nushagak,Nushagak River,1693000,7586470,9069,192508,0,9099292
Bristol Bay West,325,Nushagak,Wood River,1693000,7586470,110370,1307790,0,10214574
Bristol Bay West,326,Togiak,Togiak River,0,2427,0,0,0,8906784