﻿Management Unit,District,District Name,Stream Name,Catch Daily,Catch Cum.,Daily,Cumulative,In-River Estimate,Total Run
Bristol Bay East,321,Ugashik,Ugashik River,32000,2110258,107604,649746,150000,15995753
Bristol Bay East,322,Egegik,Egegik River,42000,4762078,3042,1112368,0,16308375
Bristol Bay East,324,Naknek-Kvichak,Kvichak River,70000,4879529,3042,2085312,0,17281319
Bristol Bay East,324,Naknek-Kvichak,Naknek River,70000,4879529,3924,935076,0,16131083
Bristol Bay West,325,Nushagak,Igushik River,16000,3187123,5604,362508,0,15558515
Bristol Bay West,325,Nushagak,Nushagak River,16000,3187123,3086,882492,0,16078499
Bristol Bay West,325,Nushagak,Wood River,16000,3187123,5628,1172136,0,16368143
Bristol Bay West,326,Togiak,Togiak River,15000,257019,4776,41172,0,15237179