﻿Management Unit,District,District Name,Stream Name,Catch Daily,Catch Cum.,Daily,Cumulative,In-River Estimate,Total Run
Bristol Bay East,321,Ugashik,Ugashik River,66000,395153,14790,17730,300000,14032254
Bristol Bay East,322,Egegik,Egegik River,572000,4954261,505974,1709346,400000,15823870
Bristol Bay East,324,Naknek-Kvichak,Alagnak River,240000,1492634,236922,376236,0,14090760
Bristol Bay East,324,Naknek-Kvichak,Kvichak River,240000,1492634,339570,386178,700000,14800702
Bristol Bay East,324,Naknek-Kvichak,Naknek River,240000,1492634,110082,910770,0,14625294
Bristol Bay West,325,Nushagak,Igushik River,577000,6777964,11616,156162,0,13870686
Bristol Bay West,325,Nushagak,Nushagak River,577000,6777964,440581,1960259,0,15674783
Bristol Bay West,325,Nushagak,Wood River,577000,6777964,381366,1890906,0,15605430
Bristol Bay West,326,Togiak,Togiak River,31000,94512,2082,6120,0,13720644