﻿Management Unit,District,District Name,Stream Name,Catch Daily,Catch Cum.,Daily,Cumulative,In-River Estimate,Total Run
Bristol Bay East,321,Ugashik,Ugashik River,322000,3427490,139398,647964,200000,22209561
Bristol Bay East,322,Egegik,Egegik River,327000,5618135,105672,1462344,50000,22873941
Bristol Bay East,324,Naknek-Kvichak,Kvichak River,927000,5949945,650634,2727678,900000,24989275
Bristol Bay East,324,Naknek-Kvichak,Naknek River,927000,5949945,61764,1057776,0,22419373
Bristol Bay West,325,Nushagak,Igushik River,348000,6123981,19566,181050,0,21542647
Bristol Bay West,325,Nushagak,Nushagak River,348000,6123981,15151,597536,0,21959133
Bristol Bay West,325,Nushagak,Wood River,348000,6123981,64782,1001115,0,22362712
Bristol Bay West,326,Togiak,Togiak River,34000,242046,4476,22638,0,21384235