﻿Management Unit,District,District Name,Stream Name,Catch Daily,Catch Cum.,Daily,Cumulative,In-River Estimate,Total Run
Bristol Bay East,321,Ugashik,Ugashik River,0,2860206,0,1167792,0,42707128
Bristol Bay East,322,Egegik,Egegik River,0,5051272,0,1608354,0,43147690
Bristol Bay East,324,Naknek-Kvichak,Alagnak River,25000,8978526,0,1581426,0,43120762
Bristol Bay East,324,Naknek-Kvichak,Kvichak River,25000,8978526,0,4398708,0,45938044
Bristol Bay East,324,Naknek-Kvichak,Naknek River,25000,8978526,0,2221152,0,43760488
Bristol Bay West,325,Nushagak,Igushik River,13500,24005650,0,769272,0,42308608
Bristol Bay West,325,Nushagak,Nushagak River,13500,24005650,6946,1227610,0,42766946
Bristol Bay West,325,Nushagak,Wood River,13500,24005650,0,7507254,0,49046590
Bristol Bay West,326,Togiak,Togiak River,43000,643682,31122,413124,0,41952460