﻿Management Unit,District,District Name,Stream Name,Catch Daily,Catch Cum.,Daily,Cumulative,In-River Estimate,Total Run
Bristol Bay East,321,Ugashik,Ugashik River,72000,2696697,8652,1164792,0,41608651
Bristol Bay East,322,Egegik,Egegik River,44000,4894443,0,1608354,0,42052213
Bristol Bay East,324,Naknek-Kvichak,Alagnak River,283000,8447241,0,1580596,0,42024455
Bristol Bay East,324,Naknek-Kvichak,Kvichak River,283000,8447241,0,4398708,0,44842567
Bristol Bay East,324,Naknek-Kvichak,Naknek River,283000,8447241,0,2221020,0,42664879
Bristol Bay West,325,Nushagak,Igushik River,58000,23954133,0,728190,0,41172049
Bristol Bay West,325,Nushagak,Nushagak River,58000,23954133,5862,1139810,0,41583669
Bristol Bay West,325,Nushagak,Wood River,58000,23954133,0,7507254,0,47951113
Bristol Bay West,326,Togiak,Togiak River,30000,451345,22206,261738,0,40705597