﻿Management Unit,District,District Name,Stream Name,Catch Daily,Catch Cum.,Daily,Cumulative,In-River Estimate,Total Run
Bristol Bay East,321,Ugashik,Ugashik River,0,411011,12258,105216,50000,17837988
Bristol Bay East,322,Egegik,Egegik River,59000,1703970,16410,1006152,18000,18706924
Bristol Bay East,324,Naknek-Kvichak,Alagnak River,151000,1367130,43236,236034,0,17918806
Bristol Bay East,324,Naknek-Kvichak,Kvichak River,151000,1367130,190836,613224,200000,18495996
Bristol Bay East,324,Naknek-Kvichak,Naknek River,151000,1367130,25260,945294,0,18628066
Bristol Bay West,325,Nushagak,Igushik River,880000,14148954,17034,212856,0,17895628
Bristol Bay West,325,Nushagak,Nushagak River,880000,14148954,46617,605705,0,18288477
Bristol Bay West,325,Nushagak,Wood River,880000,14148954,272550,4787430,0,22470202
Bristol Bay West,326,Togiak,Togiak River,0,51707,6624,15918,0,17698690