﻿Management Unit,District,District Name,Stream Name,Catch Daily,Catch Cum.,Daily,Cumulative,In-River Estimate,Total Run
Bristol Bay East,321,Ugashik,Ugashik River,21000,2834811,0,1164792,0,42384113
Bristol Bay East,322,Egegik,Egegik River,23000,5010105,0,1608354,0,42827675
Bristol Bay East,324,Naknek-Kvichak,Alagnak River,55000,8872696,0,1580596,0,42799917
Bristol Bay East,324,Naknek-Kvichak,Kvichak River,55000,8872696,0,4398708,0,45618029
Bristol Bay East,324,Naknek-Kvichak,Naknek River,55000,8872696,0,2221020,0,43440341
Bristol Bay West,325,Nushagak,Igushik River,0,23970901,0,769272,0,41988593
Bristol Bay West,325,Nushagak,Nushagak River,0,23970901,12034,1195319,0,42414640
Bristol Bay West,325,Nushagak,Wood River,0,23970901,0,7507254,0,48726575
Bristol Bay West,326,Togiak,Togiak River,23000,530808,18168,326166,0,41545487