﻿Management Unit,District,District Name,Stream Name,Catch Daily,Catch Cum.,Daily,Cumulative,In-River Estimate,Total Run
Bristol Bay East,321,Ugashik,Ugashik River,0,139641,408,828,10000,5336618
Bristol Bay East,322,Egegik,Egegik River,6500,1569736,25236,226510,25000,5577300
Bristol Bay East,324,Naknek-Kvichak,Alagnak River,0,95886,444,3540,0,5329330
Bristol Bay East,324,Naknek-Kvichak,Kvichak River,0,95886,3810,6354,0,5332144
Bristol Bay East,324,Naknek-Kvichak,Naknek River,0,95886,8364,71550,0,5397340
Bristol Bay West,325,Nushagak,Igushik River,55000,3496894,13440,99348,0,5425138
Bristol Bay West,325,Nushagak,Nushagak River,55000,3496894,42998,1090128,0,6415918
Bristol Bay West,325,Nushagak,Wood River,55000,3496894,107844,1132590,0,6458380
Bristol Bay West,326,Togiak,Togiak River,1200,23633,0,0,0,5325790