﻿Management Unit,District,District Name,Stream Name,Catch Daily,Catch Cum.,Daily,Cumulative,In-River Estimate,Total Run
Bristol Bay East,321,Ugashik,Ugashik River,0,0,0,0,0,606900
Bristol Bay East,322,Egegik,Egegik River,42000,342169,39438,221802,10000,838702
Bristol Bay East,324,Naknek-Kvichak,Kvichak River,0,12888,150,1572,0,608472
Bristol Bay East,324,Naknek-Kvichak,Naknek River,0,12888,31242,55494,0,662394
Bristol Bay West,325,Nushagak,Igushik River,31000,247486,3684,13548,0,620448
Bristol Bay West,325,Nushagak,Nushagak River,31000,247486,26275,170917,0,777817
Bristol Bay West,325,Nushagak,Wood River,31000,247486,35082,142986,0,749886
Bristol Bay West,326,Togiak,Togiak River,1278,4357,0,0,0,606900