﻿Management Unit,District,District Name,Stream Name,Catch Daily,Catch Cum.,Daily,Cumulative,In-River Estimate,Total Run
Bristol Bay East,321,Ugashik,Ugashik River,0,60644,0,0,0,717071
Bristol Bay East,322,Egegik,Egegik River,106000,244622,34068,175608,25000,917679
Bristol Bay East,324,Naknek-Kvichak,Kvichak River,3000,22098,1544,3836,0,720907
Bristol Bay East,324,Naknek-Kvichak,Naknek River,3000,22098,2670,21828,0,738899
Bristol Bay West,325,Nushagak,Igushik River,120000,384538,2040,2040,0,719111
Bristol Bay West,325,Nushagak,Nushagak River,120000,384538,7538,141241,0,858312
Bristol Bay West,325,Nushagak,Wood River,120000,384538,8124,135849,0,852920
Bristol Bay West,326,Togiak,Togiak River,0,5169,0,0,0,717071