﻿Management Unit,District,District Name,Stream Name,Catch Daily,Catch Cum.,Daily,Cumulative,In-River Estimate,Total Run
Bristol Bay East,321,Ugashik,Ugashik River,200000,611011,110502,352158,250000,26936079
Bristol Bay East,322,Egegik,Egegik River,168000,3015776,111690,1257876,0,27591797
Bristol Bay East,324,Naknek-Kvichak,Alagnak River,230000,2769242,184182,668136,0,27002057
Bristol Bay East,324,Naknek-Kvichak,Kvichak River,230000,2769242,461784,1816650,500000,28650571
Bristol Bay East,324,Naknek-Kvichak,Naknek River,230000,2769242,55482,1582248,0,27916169
Bristol Bay West,325,Nushagak,Igushik River,1010000,19801069,31266,343368,0,26677289
Bristol Bay West,325,Nushagak,Nushagak River,1010000,19801069,73029,876439,0,27210360
Bristol Bay West,325,Nushagak,Wood River,1010000,19801069,324540,6456804,0,32790725
Bristol Bay West,326,Togiak,Togiak River,18000,136823,4386,36786,0,26370707