﻿Management Unit,District,District Name,Stream Name,Catch Daily,Catch Cum.,Daily,Cumulative,In-River Estimate,Total Run
Bristol Bay East,321,Ugashik,Ugashik River,129000,137588,0,0,10000,2803182
Bristol Bay East,322,Egegik,Egegik River,193000,1218672,13362,166356,45000,3004538
Bristol Bay East,324,Naknek-Kvichak,Kvichak River,0,36622,150,1266,0,2794448
Bristol Bay East,324,Naknek-Kvichak,Naknek River,0,36622,3264,18426,0,2811608
Bristol Bay West,325,Nushagak,Igushik River,415000,1396414,16638,28542,0,2821724
Bristol Bay West,325,Nushagak,Nushagak River,415000,1396414,20709,879308,0,3672490
Bristol Bay West,325,Nushagak,Wood River,415000,1396414,103566,753402,0,3546584
Bristol Bay West,326,Togiak,Togiak River,0,3886,0,0,0,2793182