﻿Management Unit,District,District Name,Stream Name,Catch Daily,Catch Cum.,Daily,Cumulative,In-River Estimate,Total Run
Bristol Bay East,321,Ugashik,Ugashik River,25000,61198,0,0,0,488305
Bristol Bay East,322,Egegik,Egegik River,0,138622,7260,141540,0,629845
Bristol Bay East,324,Naknek-Kvichak,Kvichak River,5400,19018,1206,2292,0,490597
Bristol Bay East,324,Naknek-Kvichak,Naknek River,5400,19018,1680,19158,0,507463
Bristol Bay West,325,Nushagak,Igushik River,113000,264494,0,0,0,488305
Bristol Bay West,325,Nushagak,Nushagak River,113000,264494,12247,133703,0,622008
Bristol Bay West,325,Nushagak,Wood River,113000,264494,14172,127725,0,616030
Bristol Bay West,326,Togiak,Togiak River,2000,4973,0,0,0,488305