﻿Management Unit,District,District Name,Stream Name,Catch Daily,Catch Cum.,Daily,Cumulative,In-River Estimate,Total Run
Bristol Bay East,321,Ugashik,Ugashik River,308000,5436434,108420,1163256,200000,32249355
Bristol Bay East,322,Egegik,Egegik River,291000,7223720,38166,1629762,0,32515861
Bristol Bay East,324,Naknek-Kvichak,Kvichak River,809000,10441842,247650,3696174,0,34582273
Bristol Bay East,324,Naknek-Kvichak,Naknek River,809000,10441842,60930,1444332,0,32330431
Bristol Bay West,325,Nushagak,Igushik River,186000,7436307,31020,292482,0,31178581
Bristol Bay West,325,Nushagak,Nushagak River,186000,7436307,11718,667110,0,31553209
Bristol Bay West,325,Nushagak,Wood River,186000,7436307,44136,1193637,0,32079736
Bristol Bay West,326,Togiak,Togiak River,0,347796,4014,45390,0,30931489