﻿Management Unit,District,District Name,Stream Name,Catch Daily,Catch Cum.,Daily,Cumulative,In-River Estimate,Total Run
Bristol Bay East,321,Ugashik,Ugashik River,251000,1695163,23454,417690,100000,11236504
Bristol Bay East,322,Egegik,Egegik River,292000,3667680,77886,1137156,50000,11905970
Bristol Bay East,324,Naknek-Kvichak,Kvichak River,163000,2316999,493008,1547982,700000,12966796
Bristol Bay East,324,Naknek-Kvichak,Naknek River,163000,2316999,83466,826794,0,11545608
Bristol Bay West,325,Nushagak,Igushik River,142000,2991363,17436,163474,0,10882288
Bristol Bay West,325,Nushagak,Nushagak River,142000,2991363,30592,460022,0,11178836
Bristol Bay West,325,Nushagak,Wood River,142000,2991363,75930,980352,0,11699166
Bristol Bay West,326,Togiak,Togiak River,8300,47609,234,768,0,10719582