﻿Management Unit,District,District Name,Stream Name,Catch Daily,Catch Cum.,Daily,Cumulative,In-River Estimate,Total Run
Bristol Bay East,321,Ugashik,Ugashik River,15000,37539,756,1218,10000,4418648
Bristol Bay East,322,Egegik,Egegik River,40000,318080,6330,237162,25000,4669592
Bristol Bay East,324,Naknek-Kvichak,Alagnak River,40000,91340,0,0,0,4407430
Bristol Bay East,324,Naknek-Kvichak,Kvichak River,40000,91340,162,252,0,4407682
Bristol Bay East,324,Naknek-Kvichak,Naknek River,40000,91340,35682,89958,0,4497388
Bristol Bay West,325,Nushagak,Igushik River,292000,3958495,2640,12222,0,4419652
Bristol Bay West,325,Nushagak,Nushagak River,292000,3958495,18735,148871,0,4556301
Bristol Bay West,325,Nushagak,Wood River,292000,3958495,311850,974880,0,5382310
Bristol Bay West,326,Togiak,Togiak River,0,1976,0,0,0,4407430