﻿Management Unit,District,District Name,Stream Name,Catch Daily,Catch Cum.,Daily,Cumulative,In-River Estimate,Total Run
Bristol Bay East,321,Ugashik,Ugashik River,192000,6218092,58986,1360446,0,36105182
Bristol Bay East,322,Egegik,Egegik River,178000,7896089,32760,1735884,0,36480620
Bristol Bay East,324,Naknek-Kvichak,Kvichak River,606000,12406006,158484,4133712,0,38878448
Bristol Bay East,324,Naknek-Kvichak,Naknek River,606000,12406006,29268,1572936,0,36317672
Bristol Bay West,325,Nushagak,Igushik River,118000,7807393,33162,385614,0,35130350
Bristol Bay West,325,Nushagak,Nushagak River,118000,7807393,0,667110,0,35411846
Bristol Bay West,325,Nushagak,Wood River,118000,7807393,27276,1302999,0,36047735
Bristol Bay West,326,Togiak,Togiak River,29000,417156,8406,61020,0,34805756