﻿Management Unit,District,District Name,Stream Name,Catch Daily,Catch Cum.,Daily,Cumulative,In-River Estimate,Total Run
Bristol Bay East,321,Ugashik,Ugashik River,268000,4155995,45288,813624,150000,28117740
Bristol Bay East,322,Egegik,Egegik River,329000,6720969,86232,1508772,0,28662888
Bristol Bay East,324,Naknek-Kvichak,Kvichak River,1415000,11542478,374616,4869492,600000,32623608
Bristol Bay East,324,Naknek-Kvichak,Naknek River,1415000,11542478,71250,1576368,0,28730484
Bristol Bay West,325,Nushagak,Igushik River,297000,4640490,20778,269638,0,27423754
Bristol Bay West,325,Nushagak,Nushagak River,297000,4640490,29726,699332,0,27853448
Bristol Bay West,325,Nushagak,Wood River,297000,4640490,63030,1526508,0,28680624
Bristol Bay West,326,Togiak,Togiak River,2000,94184,3252,15702,0,27169818