﻿Management Unit,District,District Name,Stream Name,Catch Daily,Catch Cum.,Daily,Cumulative,In-River Estimate,Total Run
Bristol Bay East,321,Ugashik,Ugashik River,0,138337,0,0,10000,4047373
Bristol Bay East,322,Egegik,Egegik River,182000,1401240,22830,189186,30000,4256559
Bristol Bay East,324,Naknek-Kvichak,Kvichak River,0,36622,198,1464,0,4038837
Bristol Bay East,324,Naknek-Kvichak,Naknek River,0,36622,738,19164,0,4056537
Bristol Bay West,325,Nushagak,Igushik River,1050000,2451588,20172,48714,0,4086087
Bristol Bay West,325,Nushagak,Nushagak River,1050000,2451588,12269,891577,0,4928950
Bristol Bay West,325,Nushagak,Wood River,1050000,2451588,33546,786948,0,4824321
Bristol Bay West,326,Togiak,Togiak River,5700,9586,0,0,0,4037373