﻿Management Unit,District,District Name,Stream Name,Catch Daily,Catch Cum.,Daily,Cumulative,In-River Estimate,Total Run
Bristol Bay East,321,Ugashik,Ugashik River,36000,399682,17556,77532,20000,15654360
Bristol Bay East,322,Egegik,Egegik River,233000,1541195,130824,834048,120000,16510876
Bristol Bay East,324,Naknek-Kvichak,Alagnak River,210000,1101545,25086,100818,0,15657646
Bristol Bay East,324,Naknek-Kvichak,Kvichak River,210000,1101545,93846,261960,500000,16318788
Bristol Bay East,324,Naknek-Kvichak,Naknek River,210000,1101545,106704,869430,0,16426258
Bristol Bay West,325,Nushagak,Igushik River,1084000,12468421,18486,179478,0,15736306
Bristol Bay West,325,Nushagak,Nushagak River,1084000,12468421,51053,518601,0,16075429
Bristol Bay West,325,Nushagak,Wood River,1084000,12468421,393000,4165290,0,19722118
Bristol Bay West,326,Togiak,Togiak River,8200,45985,1812,2628,0,15559456