﻿Management Unit,District,District Name,Stream Name,Catch Daily,Catch Cum.,Daily,Cumulative,In-River Estimate,Total Run
Bristol Bay East,321,Ugashik,Ugashik River,185000,774144,2154,26262,60000,4752614
Bristol Bay East,322,Egegik,Egegik River,0,1139906,15948,249132,60000,4975484
Bristol Bay East,324,Naknek-Kvichak,Kvichak River,425000,2038698,213024,441108,400000,5507460
Bristol Bay East,324,Naknek-Kvichak,Naknek River,425000,2038698,14790,296490,0,4962842
Bristol Bay West,325,Nushagak,Igushik River,148000,713604,3804,29034,0,4695386
Bristol Bay West,325,Nushagak,Nushagak River,148000,713604,11436,141142,0,4807494
Bristol Bay West,325,Nushagak,Wood River,148000,713604,19872,225000,0,4891352
Bristol Bay West,326,Togiak,Togiak River,0,0,0,0,0,4666352