﻿Management Unit,District,District Name,Stream Name,Catch Daily,Catch Cum.,Daily,Cumulative,In-River Estimate,Total Run
Bristol Bay East,321,Ugashik,Ugashik River,253000,1346462,108942,875532,75000,33995143
Bristol Bay East,322,Egegik,Egegik River,322000,4194806,21066,1522680,0,34567291
Bristol Bay East,324,Naknek-Kvichak,Alagnak River,512000,5305564,118626,1209300,0,34253911
Bristol Bay East,324,Naknek-Kvichak,Kvichak River,512000,5305564,325656,3506466,0,36551077
Bristol Bay East,324,Naknek-Kvichak,Naknek River,512000,5305564,88338,2105976,0,35150587
Bristol Bay West,325,Nushagak,Igushik River,615000,21980135,40836,513780,0,33558391
Bristol Bay West,325,Nushagak,Nushagak River,615000,21980135,19003,1010968,0,34055579
Bristol Bay West,325,Nushagak,Wood River,615000,21980135,140592,7162116,0,40206727
Bristol Bay West,326,Togiak,Togiak River,37200,217644,21936,92664,0,33137275