﻿Management Unit,District,District Name,Stream Name,Catch Daily,Catch Cum.,Daily,Cumulative,In-River Estimate,Total Run
Bristol Bay East,321,Ugashik,Ugashik River,296000,2439919,63492,374898,200000,15633131
Bristol Bay East,322,Egegik,Egegik River,443000,4401141,111756,1110138,40000,16208371
Bristol Bay East,324,Naknek-Kvichak,Kvichak River,424000,3142903,409956,1628016,350000,17036249
Bristol Bay East,324,Naknek-Kvichak,Naknek River,424000,3142903,46170,854676,0,15912909
Bristol Bay West,325,Nushagak,Igushik River,216000,4891517,25068,124854,0,15183087
Bristol Bay West,325,Nushagak,Nushagak River,216000,4891517,13602,539817,0,15598050
Bristol Bay West,325,Nushagak,Wood River,216000,4891517,40470,835617,0,15893850
Bristol Bay West,326,Togiak,Togiak River,14000,182753,2196,10680,0,15068913