﻿Management Unit,District,District Name,Stream Name,Catch Daily,Catch Cum.,Daily,Cumulative,In-River Estimate,Total Run
Bristol Bay East,321,Ugashik,Ugashik River,55000,136827,486,3066,20000,6989407
Bristol Bay East,322,Egegik,Egegik River,218000,604899,71646,321684,50000,7338025
Bristol Bay East,324,Naknek-Kvichak,Alagnak River,13000,116708,192,648,0,6966989
Bristol Bay East,324,Naknek-Kvichak,Kvichak River,13000,116708,738,2208,0,6968549
Bristol Bay East,324,Naknek-Kvichak,Naknek River,13000,116708,8982,141252,0,7107593
Bristol Bay West,325,Nushagak,Igushik River,1772000,6105530,25524,52116,0,7018457
Bristol Bay West,325,Nushagak,Nushagak River,1772000,6105530,17933,183439,0,7149780
Bristol Bay West,325,Nushagak,Wood River,1772000,6105530,75660,1197420,0,8163761
Bristol Bay West,326,Togiak,Togiak River,0,2377,0,0,0,6966341