﻿Management Unit,District,District Name,Stream Name,Catch Daily,Catch Cum.,Daily,Cumulative,In-River Estimate,Total Run
Bristol Bay East,321,Ugashik,Ugashik River,0,2139437,64194,444432,50000,19719188
Bristol Bay East,322,Egegik,Egegik River,112000,4623762,31920,1194936,0,20419692
Bristol Bay East,324,Naknek-Kvichak,Kvichak River,80000,9608908,49308,3846786,75000,23146542
Bristol Bay East,324,Naknek-Kvichak,Naknek River,80000,9608908,49500,827406,0,20052162
Bristol Bay West,325,Nushagak,Igushik River,34000,2568264,16920,149622,0,19374378
Bristol Bay West,325,Nushagak,Nushagak River,34000,2568264,8461,391332,0,19616088
Bristol Bay West,325,Nushagak,Wood River,34000,2568264,20646,731541,0,19956297
Bristol Bay West,326,Togiak,Togiak River,33000,284385,1860,32856,0,19257612