﻿Management Unit,District,District Name,Stream Name,Catch Daily,Catch Cum.,Daily,Cumulative,In-River Estimate,Total Run
Bristol Bay East,321,Ugashik,Ugashik River,320000,3810623,105744,856758,150000,31930721
Bristol Bay East,322,Egegik,Egegik River,414000,9769852,132054,2524830,0,33448793
Bristol Bay East,324,Naknek-Kvichak,Alagnak River,515000,6284565,65370,1697430,0,32621393
Bristol Bay East,324,Naknek-Kvichak,Kvichak River,515000,6284565,102312,2266740,100000,33290703
Bristol Bay East,324,Naknek-Kvichak,Naknek River,515000,6284565,74298,1686630,0,32610593
Bristol Bay West,325,Nushagak,Igushik River,341000,10801445,19590,430410,0,31354373
Bristol Bay West,325,Nushagak,Nushagak River,341000,10801445,40417,2749573,0,33673536
Bristol Bay West,325,Nushagak,Wood River,341000,10801445,103662,3847914,0,34771877
Bristol Bay West,326,Togiak,Togiak River,22000,257478,5700,40320,0,30964283