﻿Management Unit,District,District Name,Stream Name,Catch Daily,Catch Cum.,Daily,Cumulative,In-River Estimate,Total Run
Bristol Bay East,321,Ugashik,Ugashik River,345000,1645409,20502,96252,60000,15039123
Bristol Bay East,322,Egegik,Egegik River,278000,3874456,134448,988782,50000,15921653
Bristol Bay East,324,Naknek-Kvichak,Kvichak River,675000,7315653,666996,2467296,400000,17750167
Bristol Bay East,324,Naknek-Kvichak,Naknek River,675000,7315653,31950,673500,0,15556371
Bristol Bay West,325,Nushagak,Igushik River,242000,1907339,10980,71604,0,14954475
Bristol Bay West,325,Nushagak,Nushagak River,242000,1907339,59536,322644,0,15205515
Bristol Bay West,325,Nushagak,Wood River,242000,1907339,44712,475056,0,15357927
Bristol Bay West,326,Togiak,Togiak River,30000,140014,2058,14226,0,14897097