﻿Management Unit,District,District Name,Stream Name,Catch Daily,Catch Cum.,Daily,Cumulative,In-River Estimate,Total Run
Bristol Bay East,321,Ugashik,Ugashik River,16000,2146998,39102,763134,25000,16173226
Bristol Bay East,322,Egegik,Egegik River,23000,4806836,0,1113670,0,16498762
Bristol Bay East,324,Naknek-Kvichak,Kvichak River,30000,4947315,900,2088576,0,17473668
Bristol Bay East,324,Naknek-Kvichak,Naknek River,30000,4947315,0,938160,0,16323252
Bristol Bay West,325,Nushagak,Igushik River,8000,3206206,5202,374148,0,15759240
Bristol Bay West,325,Nushagak,Nushagak River,8000,3206206,2448,885969,0,16271061
Bristol Bay West,325,Nushagak,Wood River,8000,3206206,3720,1181676,0,16566768
Bristol Bay West,326,Togiak,Togiak River,17000,277737,2934,47754,0,15432846