﻿Management Unit,District,District Name,Stream Name,Catch Daily,Catch Cum.,Daily,Cumulative,In-River Estimate,Total Run
Bristol Bay East,321,Ugashik,Ugashik River,140000,732474,26244,388362,60000,24267532
Bristol Bay East,322,Egegik,Egegik River,259000,5696780,14358,1287456,15000,25121626
Bristol Bay East,324,Naknek-Kvichak,Kvichak River,814000,11659940,46506,3956316,0,27775486
Bristol Bay East,324,Naknek-Kvichak,Naknek River,814000,11659940,30756,1289130,0,25108300
Bristol Bay West,325,Nushagak,Igushik River,146000,5624966,14982,179094,0,23998264
Bristol Bay West,325,Nushagak,Nushagak River,146000,5624966,8230,534564,0,24353734
Bristol Bay West,325,Nushagak,Wood River,146000,5624966,33030,2409300,0,26228470
Bristol Bay West,326,Togiak,Togiak River,0,105010,1182,11124,0,23830294