﻿Management Unit,District,District Name,Stream Name,Catch Daily,Catch Cum.,Daily,Cumulative,In-River Estimate,Total Run
Bristol Bay East,321,Ugashik,Ugashik River,39000,5217497,50820,1289502,0,35864608
Bristol Bay East,322,Egegik,Egegik River,81000,8244815,25500,2055702,0,36630808
Bristol Bay East,324,Naknek-Kvichak,Kvichak River,154000,15673382,76362,7175226,0,41750332
Bristol Bay East,324,Naknek-Kvichak,Naknek River,154000,15673382,9378,1920954,0,36496060
Bristol Bay West,325,Nushagak,Igushik River,30000,5287869,46416,651172,0,35226278
Bristol Bay West,325,Nushagak,Nushagak River,30000,5287869,0,796684,0,35371790
Bristol Bay West,325,Nushagak,Wood River,30000,5287869,21954,1906389,0,36481495
Bristol Bay West,326,Togiak,Togiak River,4000,151543,8748,55908,0,34631014