﻿Management Unit,District,District Name,Stream Name,Catch Daily,Catch Cum.,Daily,Cumulative,In-River Estimate,Total Run
Bristol Bay East,321,Ugashik,Ugashik River,421000,3159531,87276,632172,200000,28369110
Bristol Bay East,322,Egegik,Egegik River,432000,8853721,16662,2377968,20000,29934906
Bristol Bay East,324,Naknek-Kvichak,Alagnak River,615000,5165254,260000,1511736,0,29048674
Bristol Bay East,324,Naknek-Kvichak,Kvichak River,615000,5165254,374196,1973688,600000,30110626
Bristol Bay East,324,Naknek-Kvichak,Naknek River,615000,5165254,55488,1509192,0,29046130
Bristol Bay West,325,Nushagak,Igushik River,298000,10137606,34554,385032,0,27921970
Bristol Bay West,325,Nushagak,Nushagak River,298000,10137606,72314,2678318,0,30215256
Bristol Bay West,325,Nushagak,Wood River,298000,10137606,175518,3552630,0,31089568
Bristol Bay West,326,Togiak,Togiak River,19000,220826,4704,27894,0,27564832