﻿Management Unit,District,District Name,Stream Name,Catch Daily,Catch Cum.,Daily,Cumulative,In-River Estimate,Total Run
Bristol Bay East,321,Ugashik,Ugashik River,443000,5128109,84078,1054836,140000,30470059
Bristol Bay East,322,Egegik,Egegik River,322000,6932355,32034,1591596,0,30866819
Bristol Bay East,324,Naknek-Kvichak,Kvichak River,775000,9632711,163374,3448524,200000,32923747
Bristol Bay East,324,Naknek-Kvichak,Naknek River,775000,9632711,88524,1383402,0,30658625
Bristol Bay West,325,Nushagak,Igushik River,157000,7234715,22752,261462,0,29536685
Bristol Bay West,325,Nushagak,Nushagak River,157000,7234715,16101,655392,0,29930615
Bristol Bay West,325,Nushagak,Wood River,157000,7234715,40758,1149501,0,30424724
Bristol Bay West,326,Togiak,Togiak River,20000,347333,3654,41376,0,29316599