﻿Management Unit,District,District Name,Stream Name,Catch Daily,Catch Cum.,Daily,Cumulative,In-River Estimate,Total Run
Bristol Bay East,321,Ugashik,Ugashik River,2000,5696,0,0,0,2077729
Bristol Bay East,322,Egegik,Egegik River,94000,123472,72444,158724,60000,2296453
Bristol Bay East,324,Naknek-Kvichak,Alagnak River,0,507,0,0,0,2077729
Bristol Bay East,324,Naknek-Kvichak,Kvichak River,0,507,24,90,0,2077819
Bristol Bay East,324,Naknek-Kvichak,Naknek River,0,507,10728,16674,0,2094403
Bristol Bay West,325,Nushagak,Igushik River,740000,1947328,1734,6666,0,2084395
Bristol Bay West,325,Nushagak,Nushagak River,740000,1947328,13385,99753,0,2177482
Bristol Bay West,325,Nushagak,Wood River,740000,1947328,108168,280140,0,2357869
Bristol Bay West,326,Togiak,Togiak River,500,726,0,0,0,2077729