﻿Management Unit,District,District Name,Stream Name,Catch Daily,Catch Cum.,Daily,Cumulative,In-River Estimate,Total Run
Bristol Bay East,321,Ugashik,Ugashik River,118000,2139795,71646,380238,100000,19452236
Bristol Bay East,322,Egegik,Egegik River,61000,4517341,20664,1163016,50000,20185014
Bristol Bay East,324,Naknek-Kvichak,Kvichak River,37000,9529178,102726,3797478,50000,22819476
Bristol Bay East,324,Naknek-Kvichak,Naknek River,37000,9529178,6612,777906,0,19749904
Bristol Bay West,325,Nushagak,Igushik River,69000,2534183,18858,132702,0,19104700
Bristol Bay West,325,Nushagak,Nushagak River,69000,2534183,4488,382871,0,19354869
Bristol Bay West,325,Nushagak,Wood River,69000,2534183,23646,710895,0,19682893
Bristol Bay West,326,Togiak,Togiak River,34000,251501,5910,30996,0,19002994