﻿Management Unit,District,District Name,Stream Name,Catch Daily,Catch Cum.,Daily,Cumulative,In-River Estimate,Total Run
Bristol Bay East,321,Ugashik,Ugashik River,295000,6026174,85638,1301460,0,34922587
Bristol Bay East,322,Egegik,Egegik River,240000,7718002,30660,1703124,0,35324251
Bristol Bay East,324,Naknek-Kvichak,Kvichak River,602000,11799647,143370,3975228,0,37596355
Bristol Bay East,324,Naknek-Kvichak,Naknek River,602000,11799647,42216,1543668,0,35164795
Bristol Bay West,325,Nushagak,Igushik River,145000,7688903,33174,352452,0,33973579
Bristol Bay West,325,Nushagak,Nushagak River,145000,7688903,0,667110,0,34288237
Bristol Bay West,325,Nushagak,Wood River,145000,7688903,41820,1275723,0,34896850
Bristol Bay West,326,Togiak,Togiak River,25000,388401,4020,52614,0,33673741