﻿Management Unit,District,District Name,Stream Name,Catch Daily,Catch Cum.,Daily,Cumulative,In-River Estimate,Total Run
Bristol Bay East,321,Ugashik,Ugashik River,122000,5179224,103662,1238682,0,35507445
Bristol Bay East,322,Egegik,Egegik River,153000,8163901,52536,2030202,0,36298965
Bristol Bay East,324,Naknek-Kvichak,Kvichak River,348000,15520030,175020,7103364,0,41372127
Bristol Bay East,324,Naknek-Kvichak,Naknek River,348000,15520030,12942,1911576,0,36180339
Bristol Bay West,325,Nushagak,Igushik River,61000,5257840,58788,604756,0,34873519
Bristol Bay West,325,Nushagak,Nushagak River,61000,5257840,0,796684,0,35065447
Bristol Bay West,325,Nushagak,Wood River,61000,5257840,28782,1884435,0,36153198
Bristol Bay West,326,Togiak,Togiak River,14000,147768,6300,47088,0,34315851