﻿Management Unit,District,District Name,Stream Name,Catch Daily,Catch Cum.,Daily,Cumulative,In-River Estimate,Total Run
Bristol Bay East,321,Ugashik,Ugashik River,94000,703789,116010,468168,150000,28767916
Bristol Bay East,322,Egegik,Egegik River,309000,3324425,121974,1379850,0,29529598
Bristol Bay East,324,Naknek-Kvichak,Alagnak River,800000,3570278,194610,862746,0,29012494
Bristol Bay East,324,Naknek-Kvichak,Kvichak River,800000,3570278,557010,2377254,600000,31127002
Bristol Bay East,324,Naknek-Kvichak,Naknek River,800000,3570278,151842,1734090,0,29883838
Bristol Bay West,325,Nushagak,Igushik River,592000,20393609,33558,376926,0,28526674
Bristol Bay West,325,Nushagak,Nushagak River,592000,20393609,45216,921655,0,29071403
Bristol Bay West,325,Nushagak,Wood River,592000,20393609,235632,6692436,0,34842184
Bristol Bay West,326,Togiak,Togiak River,21000,157647,10866,47652,0,28197400