﻿Management Unit,District,District Name,Stream Name,Catch Daily,Catch Cum.,Daily,Cumulative,In-River Estimate,Total Run
Bristol Bay East,321,Ugashik,Ugashik River,346000,3105044,71514,508566,175000,20085592
Bristol Bay East,322,Egegik,Egegik River,433000,5290256,178440,1356672,100000,20858698
Bristol Bay East,324,Naknek-Kvichak,Kvichak River,874000,5023230,190566,2077044,800000,22279070
Bristol Bay East,324,Naknek-Kvichak,Naknek River,874000,5023230,83436,996012,0,20398038
Bristol Bay West,325,Nushagak,Igushik River,438000,5775597,18768,161484,0,19563510
Bristol Bay West,325,Nushagak,Nushagak River,438000,5775597,28600,582385,0,19984411
Bristol Bay West,325,Nushagak,Wood River,438000,5775597,53778,936333,0,20338359
Bristol Bay West,326,Togiak,Togiak River,25000,207899,4140,18162,0,19420188