﻿Management Unit,District,District Name,Stream Name,Catch Daily,Catch Cum.,Daily,Cumulative,In-River Estimate,Total Run
Bristol Bay East,321,Ugashik,Ugashik River,246000,1183180,33342,192930,130000,8977388
Bristol Bay East,322,Egegik,Egegik River,304000,2554086,94674,754368,50000,9458826
Bristol Bay East,324,Naknek-Kvichak,Kvichak River,191000,1358628,232314,577620,300000,9532078
Bristol Bay East,324,Naknek-Kvichak,Naknek River,191000,1358628,33966,598404,0,9252862
Bristol Bay West,325,Nushagak,Igushik River,382000,3467750,19662,53166,0,8707624
Bristol Bay West,325,Nushagak,Nushagak River,382000,3467750,50031,452006,0,9106464
Bristol Bay West,325,Nushagak,Wood River,382000,3467750,98586,622557,0,9277015
Bristol Bay West,326,Togiak,Togiak River,25000,90814,534,1668,0,8656126