﻿Management Unit,District,District Name,Stream Name,Catch Daily,Catch Cum.,Daily,Cumulative,In-River Estimate,Total Run
Bristol Bay East,321,Ugashik,Ugashik River,112000,4986968,27372,1109700,0,36852149
Bristol Bay East,322,Egegik,Egegik River,246000,11137389,0,2595042,0,38337491
Bristol Bay East,324,Naknek-Kvichak,Alagnak River,91000,7809689,76290,1972956,0,37715405
Bristol Bay East,324,Naknek-Kvichak,Kvichak River,91000,7809689,48048,2630334,0,38372783
Bristol Bay East,324,Naknek-Kvichak,Naknek River,91000,7809689,44106,1855170,0,37597619
Bristol Bay West,325,Nushagak,Igushik River,71000,11471484,17454,512568,0,36255017
Bristol Bay West,325,Nushagak,Nushagak River,71000,11471484,17008,2843875,0,38586324
Bristol Bay West,325,Nushagak,Wood River,71000,11471484,28728,4160736,0,39903185
Bristol Bay West,326,Togiak,Togiak River,27000,336919,2796,54030,0,35796479