﻿Management Unit,District,District Name,Stream Name,Catch Daily,Catch Cum.,Daily,Cumulative,In-River Estimate,Total Run
Bristol Bay East,321,Ugashik,Ugashik River,221000,4377382,32964,846588,150000,29739163
Bristol Bay East,322,Egegik,Egegik River,255000,6975632,74952,1583724,0,30326299
Bristol Bay East,324,Naknek-Kvichak,Kvichak River,942000,12483424,386886,5256378,600000,34598953
Bristol Bay East,324,Naknek-Kvichak,Naknek River,942000,12483424,93774,1670142,0,30412717
Bristol Bay West,325,Nushagak,Igushik River,163000,4803244,30558,300196,0,29042771
Bristol Bay West,325,Nushagak,Nushagak River,163000,4803244,21794,721126,0,29463701
Bristol Bay West,325,Nushagak,Wood River,163000,4803244,59718,1586226,0,30328801
Bristol Bay West,326,Togiak,Togiak River,9000,102893,5682,21384,0,28763959