﻿Management Unit,District,District Name,Stream Name,Catch Daily,Catch Cum.,Daily,Cumulative,In-River Estimate,Total Run
Bristol Bay East,321,Ugashik,Ugashik River,230000,1775082,82158,1083462,0,36648578
Bristol Bay East,322,Egegik,Egegik River,113000,4444947,17094,1554264,0,37119380
Bristol Bay East,324,Naknek-Kvichak,Alagnak River,623000,6353986,103386,1380432,0,36945548
Bristol Bay East,324,Naknek-Kvichak,Kvichak River,623000,6353986,285522,4043574,0,39608690
Bristol Bay East,324,Naknek-Kvichak,Naknek River,623000,6353986,20592,2174550,0,37739666
Bristol Bay West,325,Nushagak,Igushik River,348000,22713082,36072,590922,0,36156038
Bristol Bay West,325,Nushagak,Nushagak River,348000,22713082,19023,1049563,0,36614679
Bristol Bay West,325,Nushagak,Wood River,348000,22713082,73674,7349406,0,42914522
Bristol Bay West,326,Togiak,Togiak River,27000,278019,21444,137094,0,35702210