﻿Management Unit,District,District Name,Stream Name,Catch Daily,Catch Cum.,Daily,Cumulative,In-River Estimate,Total Run
Bristol Bay East,321,Ugashik,Ugashik River,187000,1116751,50400,341202,70000,9179726
Bristol Bay East,322,Egegik,Egegik River,243000,3070343,144756,979026,100000,9847550
Bristol Bay East,324,Naknek-Kvichak,Kvichak River,0,1937921,164538,908178,600000,10276702
Bristol Bay East,324,Naknek-Kvichak,Naknek River,0,1937921,49392,583212,0,9351736
Bristol Bay West,325,Nushagak,Igushik River,250000,2609978,10956,132190,0,8900714
Bristol Bay West,325,Nushagak,Nushagak River,250000,2609978,13308,404366,0,9172890
Bristol Bay West,325,Nushagak,Wood River,250000,2609978,73872,820968,0,9589492
Bristol Bay West,326,Togiak,Togiak River,0,33531,48,306,0,8768830