﻿Management Unit,District,District Name,Stream Name,Catch Daily,Catch Cum.,Daily,Cumulative,In-River Estimate,Total Run
Bristol Bay East,321,Ugashik,Ugashik River,482000,4685254,70236,970758,100000,28628537
Bristol Bay East,322,Egegik,Egegik River,413000,6609892,36084,1559562,0,29117341
Bristol Bay East,324,Naknek-Kvichak,Kvichak River,1165000,8857365,173748,3285150,150000,30992929
Bristol Bay East,324,Naknek-Kvichak,Naknek River,1165000,8857365,61368,1294878,0,28852657
Bristol Bay West,325,Nushagak,Igushik River,327000,7077467,21816,238710,0,27796489
Bristol Bay West,325,Nushagak,Nushagak River,327000,7077467,11246,639291,0,28197070
Bristol Bay West,325,Nushagak,Wood River,327000,7077467,31404,1108743,0,28666522
Bristol Bay West,326,Togiak,Togiak River,20000,327801,4494,37722,0,27595501