﻿Management Unit,District,District Name,Stream Name,Catch Daily,Catch Cum.,Daily,Cumulative,In-River Estimate,Total Run
Bristol Bay East,321,Ugashik,Ugashik River,161000,864433,165282,633450,175000,30251464
Bristol Bay East,322,Egegik,Egegik River,254000,3578396,83208,1463058,0,30906072
Bristol Bay East,324,Naknek-Kvichak,Alagnak River,458000,4024096,121236,983982,0,30426996
Bristol Bay East,324,Naknek-Kvichak,Kvichak River,458000,4024096,471114,2848368,750000,33041382
Bristol Bay East,324,Naknek-Kvichak,Naknek River,458000,4024096,194448,1928538,0,31371552
Bristol Bay West,325,Nushagak,Igushik River,425000,20818225,42246,419172,0,29862186
Bristol Bay West,325,Nushagak,Nushagak River,425000,20818225,47563,969218,0,30412232
Bristol Bay West,325,Nushagak,Wood River,425000,20818225,209094,6901530,0,36344544
Bristol Bay West,326,Togiak,Togiak River,0,157864,10740,58392,0,29501406