﻿Management Unit,District,District Name,Stream Name,Catch Daily,Catch Cum.,Daily,Cumulative,In-River Estimate,Total Run
Bristol Bay East,321,Ugashik,Ugashik River,148000,438236,9073,21355,40000,2906412
Bristol Bay East,322,Egegik,Egegik River,258000,852310,3096,229962,5000,3080019
Bristol Bay East,324,Naknek-Kvichak,Kvichak River,275000,1255964,19476,65682,500000,3410739
Bristol Bay East,324,Naknek-Kvichak,Naknek River,275000,1255964,70920,244926,0,3089983
Bristol Bay West,325,Nushagak,Igushik River,182000,298547,7680,19818,0,2864875
Bristol Bay West,325,Nushagak,Nushagak River,182000,298547,6018,107104,0,2952161
Bristol Bay West,325,Nushagak,Wood River,182000,298547,16488,175626,0,3020683
Bristol Bay West,326,Togiak,Togiak River,0,0,0,0,0,2845057