﻿Management Unit,District,District Name,Stream Name,Catch Daily,Catch Cum.,Daily,Cumulative,In-River Estimate,Total Run
Bristol Bay East,321,Ugashik,Ugashik River,115000,2624722,9042,1156140,0,41112288
Bristol Bay East,322,Egegik,Egegik River,57000,4871176,0,1608354,0,41564502
Bristol Bay East,324,Naknek-Kvichak,Alagnak River,307000,8143677,7000,1580596,0,41536744
Bristol Bay East,324,Naknek-Kvichak,Kvichak River,307000,8143677,9486,4398708,0,44354856
Bristol Bay East,324,Naknek-Kvichak,Naknek River,307000,8143677,0,2221020,0,42177168
Bristol Bay West,325,Nushagak,Igushik River,80000,23895568,0,728190,0,40684338
Bristol Bay West,325,Nushagak,Nushagak River,80000,23895568,3549,1133948,0,41090096
Bristol Bay West,325,Nushagak,Wood River,80000,23895568,0,7507254,0,47463402
Bristol Bay West,326,Togiak,Togiak River,30000,421005,19572,239532,0,40195680