﻿Management Unit,District,District Name,Stream Name,Catch Daily,Catch Cum.,Daily,Cumulative,In-River Estimate,Total Run
Bristol Bay East,321,Ugashik,Ugashik River,21000,2130891,74286,724032,40000,16054646
Bristol Bay East,322,Egegik,Egegik River,21000,4783374,1302,1113670,0,16404284
Bristol Bay East,324,Naknek-Kvichak,Kvichak River,40000,4917382,2100,2087676,0,17378290
Bristol Bay East,324,Naknek-Kvichak,Naknek River,40000,4917382,3084,938160,0,16228774
Bristol Bay West,325,Nushagak,Igushik River,11000,3198230,6438,368946,0,15659560
Bristol Bay West,325,Nushagak,Nushagak River,11000,3198230,1029,883521,0,16174135
Bristol Bay West,325,Nushagak,Wood River,11000,3198230,5820,1177956,0,16468570
Bristol Bay West,326,Togiak,Togiak River,0,260737,3648,44820,0,15335434