﻿Management Unit,District,District Name,Stream Name,Catch Daily,Catch Cum.,Daily,Cumulative,In-River Estimate,Total Run
Bristol Bay East,321,Ugashik,Ugashik River,0,411011,24258,241656,180000,25127171
Bristol Bay East,322,Egegik,Egegik River,374000,2847295,57264,1146186,0,25851701
Bristol Bay East,324,Naknek-Kvichak,Alagnak River,225000,2537543,105498,483954,0,25189469
Bristol Bay East,324,Naknek-Kvichak,Kvichak River,225000,2537543,277026,1354866,600000,26660381
Bristol Bay East,324,Naknek-Kvichak,Naknek River,225000,2537543,219988,1527766,0,26233281
Bristol Bay West,325,Nushagak,Igushik River,969000,18790779,27138,312102,0,25017617
Bristol Bay West,325,Nushagak,Nushagak River,969000,18790779,67898,803410,0,25508925
Bristol Bay West,325,Nushagak,Wood River,969000,18790779,580548,6132264,0,30837779
Bristol Bay West,326,Togiak,Togiak River,27000,118887,4092,32400,0,24737915