﻿Management Unit,District,District Name,Stream Name,Catch Daily,Catch Cum.,Daily,Cumulative,In-River Estimate,Total Run
Bristol Bay East,321,Ugashik,Ugashik River,320000,1892853,27390,260520,100000,12142421
Bristol Bay East,322,Egegik,Egegik River,645000,3599507,36768,823038,130000,12734939
Bristol Bay East,324,Naknek-Kvichak,Kvichak River,234000,1894757,150024,877512,550000,13209413
Bristol Bay East,324,Naknek-Kvichak,Naknek River,234000,1894757,66372,707616,0,12489517
Bristol Bay West,325,Nushagak,Igushik River,413000,4250886,0,67842,0,11849743
Bristol Bay West,325,Nushagak,Nushagak River,413000,4250886,25214,505677,0,12287578
Bristol Bay West,325,Nushagak,Wood River,413000,4250886,49344,750609,0,12532510
Bristol Bay West,326,Togiak,Togiak River,21000,143898,0,2238,0,11784139