﻿Management Unit,District,District Name,Stream Name,Catch Daily,Catch Cum.,Daily,Cumulative,In-River Estimate,Total Run
Bristol Bay East,321,Ugashik,Ugashik River,205000,1687348,24924,72810,100000,9194045
Bristol Bay East,322,Egegik,Egegik River,330000,2812388,89238,603522,100000,9724757
Bristol Bay East,324,Naknek-Kvichak,Kvichak River,320000,2654870,132828,395148,300000,9716383
Bristol Bay East,324,Naknek-Kvichak,Naknek River,320000,2654870,76788,407496,0,9428731
Bristol Bay West,325,Nushagak,Igushik River,215000,1847249,7146,163770,0,9185005
Bristol Bay West,325,Nushagak,Nushagak River,215000,1847249,37553,696501,0,9717736
Bristol Bay West,325,Nushagak,Wood River,215000,1847249,47724,812820,0,9834055
Bristol Bay West,326,Togiak,Togiak River,60,19380,0,0,0,9021235