﻿Management Unit,District,District Name,Stream Name,Catch Daily,Catch Cum.,Daily,Cumulative,In-River Estimate,Total Run
Bristol Bay East,321,Ugashik,Ugashik River,18000,22022,0,0,0,206868
Bristol Bay East,322,Egegik,Egegik River,48000,100498,24582,120816,0,327684
Bristol Bay East,324,Naknek-Kvichak,Kvichak River,7200,9883,162,810,0,207678
Bristol Bay East,324,Naknek-Kvichak,Naknek River,7200,9883,6366,15066,0,221934
Bristol Bay West,325,Nushagak,Igushik River,25000,73591,0,0,0,206868
Bristol Bay West,325,Nushagak,Nushagak River,25000,73591,22039,107846,0,314714
Bristol Bay West,325,Nushagak,Wood River,25000,73591,33870,89475,0,296343
Bristol Bay West,326,Togiak,Togiak River,600,874,0,0,0,206868