﻿Management Unit,District,District Name,Stream Name,Catch Daily,Catch Cum.,Daily,Cumulative,In-River Estimate,Total Run
Bristol Bay East,321,Ugashik,Ugashik River,0,411011,52704,217398,80000,23406044
Bristol Bay East,322,Egegik,Egegik River,350000,2471681,52656,1088922,55000,24252568
Bristol Bay East,324,Naknek-Kvichak,Alagnak River,532000,2312477,58236,378456,0,23487102
Bristol Bay East,324,Naknek-Kvichak,Kvichak River,532000,2312477,203694,1077840,450000,24636486
Bristol Bay East,324,Naknek-Kvichak,Naknek River,532000,2312477,119268,1307778,0,24416424
Bristol Bay West,325,Nushagak,Igushik River,1360000,17821492,22242,284964,0,23393610
Bristol Bay West,325,Nushagak,Nushagak River,1360000,17821492,37307,735512,0,23844158
Bristol Bay West,325,Nushagak,Wood River,1360000,17821492,284040,5551716,0,28660362
Bristol Bay West,326,Togiak,Togiak River,16000,91985,2424,28308,0,23136954