﻿Management Unit,District,District Name,Stream Name,Catch Daily,Catch Cum.,Daily,Cumulative,In-River Estimate,Total Run
Bristol Bay East,321,Ugashik,Ugashik River,145000,501642,17022,93846,50000,4066889
Bristol Bay East,322,Egegik,Egegik River,250000,1226672,69726,550866,30000,4503909
Bristol Bay East,324,Naknek-Kvichak,Kvichak River,236000,258272,14280,28872,300000,4251915
Bristol Bay East,324,Naknek-Kvichak,Naknek River,236000,258272,109104,296070,0,4219113
Bristol Bay West,325,Nushagak,Igushik River,238000,1894522,1932,16938,0,3939981
Bristol Bay West,325,Nushagak,Nushagak River,238000,1894522,25148,267033,0,4190076
Bristol Bay West,325,Nushagak,Wood River,238000,1894522,27144,300045,0,4223088
Bristol Bay West,326,Togiak,Togiak River,7700,41935,0,0,0,3923043