﻿Management Unit,District,District Name,Stream Name,Catch Daily,Catch Cum.,Daily,Cumulative,In-River Estimate,Total Run
Bristol Bay East,321,Ugashik,Ugashik River,0,404956,41334,285660,70000,20443491
Bristol Bay East,322,Egegik,Egegik River,253000,4746942,56892,1240014,20000,21347845
Bristol Bay East,324,Naknek-Kvichak,Kvichak River,460000,9839161,183108,3627180,0,23715011
Bristol Bay East,324,Naknek-Kvichak,Naknek River,460000,9839161,75366,1205250,0,21293081
Bristol Bay West,325,Nushagak,Igushik River,241000,5026840,10056,138120,0,20225951
Bristol Bay West,325,Nushagak,Nushagak River,241000,5026840,19007,499086,0,20586917
Bristol Bay West,325,Nushagak,Wood River,241000,5026840,70344,2297172,0,22385003
Bristol Bay West,326,Togiak,Togiak River,0,69932,2124,8148,0,20095979