﻿Management Unit,District,District Name,Stream Name,Catch Daily,Catch Cum.,Daily,Cumulative,In-River Estimate,Total Run
Bristol Bay East,321,Ugashik,Ugashik River,0,4032,0,0,0,281069
Bristol Bay East,322,Egegik,Egegik River,0,115499,23232,73176,0,354245
Bristol Bay East,324,Naknek-Kvichak,Kvichak River,0,154602,342,2340,0,283409
Bristol Bay East,324,Naknek-Kvichak,Naknek River,0,154602,26310,38628,0,319697
Bristol Bay West,325,Nushagak,Igushik River,0,6121,0,96,0,281165
Bristol Bay West,325,Nushagak,Nushagak River,0,6121,0,40192,0,321261
Bristol Bay West,325,Nushagak,Wood River,0,6121,0,54882,0,335951
Bristol Bay West,326,Togiak,Togiak River,0,815,0,0,0,281069