﻿Management Unit,District,District Name,Stream Name,Catch Daily,Catch Cum.,Daily,Cumulative,In-River Estimate,Total Run
Bristol Bay East,321,Ugashik,Ugashik River,0,139641,282,420,10000,5272980
Bristol Bay East,322,Egegik,Egegik River,162000,1562913,3648,201274,45000,5508834
Bristol Bay East,324,Naknek-Kvichak,Alagnak River,0,95886,1620,3096,0,5265656
Bristol Bay East,324,Naknek-Kvichak,Kvichak River,0,95886,702,2544,0,5265104
Bristol Bay East,324,Naknek-Kvichak,Naknek River,0,95886,5838,63186,0,5325746
Bristol Bay West,325,Nushagak,Igushik River,101000,3441721,13386,85908,0,5348468
Bristol Bay West,325,Nushagak,Nushagak River,101000,3441721,50957,1047130,0,6309690
Bristol Bay West,325,Nushagak,Wood River,101000,3441721,47424,1024746,0,6287306
Bristol Bay West,326,Togiak,Togiak River,1100,22399,0,0,0,5262560