﻿Management Unit,District,District Name,Stream Name,Catch Daily,Catch Cum.,Daily,Cumulative,In-River Estimate,Total Run
Bristol Bay East,321,Ugashik,Ugashik River,15000,36469,0,0,0,342900
Bristol Bay East,322,Egegik,Egegik River,38500,138665,13464,134280,0,477180
Bristol Bay East,324,Naknek-Kvichak,Kvichak River,3600,13542,276,1086,0,343986
Bristol Bay East,324,Naknek-Kvichak,Naknek River,3600,13542,2412,17478,0,360378
Bristol Bay West,325,Nushagak,Igushik River,78000,151239,0,0,0,342900
Bristol Bay West,325,Nushagak,Nushagak River,78000,151239,13610,121456,0,464356
Bristol Bay West,325,Nushagak,Wood River,78000,151239,24078,113553,0,456453
Bristol Bay West,326,Togiak,Togiak River,2000,2985,0,0,0,342900