﻿Management Unit,District,District Name,Stream Name,Catch Daily,Catch Cum.,Daily,Cumulative,In-River Estimate,Total Run
Bristol Bay East,321,Ugashik,Ugashik River,0,411011,14898,120114,85000,19074292
Bristol Bay East,322,Egegik,Egegik River,120000,1824173,7824,1013976,10000,19893154
Bristol Bay East,324,Naknek-Kvichak,Alagnak River,165000,1532179,24822,260856,0,19130034
Bristol Bay East,324,Naknek-Kvichak,Kvichak River,165000,1532179,137424,750648,300000,19919826
Bristol Bay East,324,Naknek-Kvichak,Naknek River,165000,1532179,97080,1042374,0,19911552
Bristol Bay West,325,Nushagak,Igushik River,866000,15042108,19212,232068,0,19101246
Bristol Bay West,325,Nushagak,Nushagak River,866000,15042108,45298,651003,0,19520181
Bristol Bay West,325,Nushagak,Wood River,866000,15042108,243684,5031114,0,23900292
Bristol Bay West,326,Togiak,Togiak River,8000,59707,5142,21060,0,18890238