﻿Management Unit,District,District Name,Stream Name,Catch Daily,Catch Cum.,Daily,Cumulative,In-River Estimate,Total Run
Bristol Bay East,321,Ugashik,Ugashik River,208000,4585643,37440,884028,0,31288524
Bristol Bay East,322,Egegik,Egegik River,302000,7277897,78516,1662240,0,32066736
Bristol Bay East,324,Naknek-Kvichak,Kvichak River,1050000,13533855,276498,5532876,0,35937372
Bristol Bay East,324,Naknek-Kvichak,Naknek River,1050000,13533855,47520,1717662,0,32122158
Bristol Bay West,325,Nushagak,Igushik River,90000,4893117,33798,333994,0,30738490
Bristol Bay West,325,Nushagak,Nushagak River,90000,4893117,31192,752318,0,31156814
Bristol Bay West,325,Nushagak,Wood River,90000,4893117,71688,1657914,0,32062410
Bristol Bay West,326,Togiak,Togiak River,11000,113984,3990,25374,0,30429870