﻿Management Unit,District,District Name,Stream Name,Catch Daily,Catch Cum.,Daily,Cumulative,In-River Estimate,Total Run
Bristol Bay East,321,Ugashik,Ugashik River,0,4549,0,0,0,356615
Bristol Bay East,322,Egegik,Egegik River,74000,189499,76752,149928,25000,531543
Bristol Bay East,324,Naknek-Kvichak,Kvichak River,0,154602,672,3012,0,359627
Bristol Bay East,324,Naknek-Kvichak,Naknek River,0,154602,101538,140166,0,496781
Bristol Bay West,325,Nushagak,Igushik River,0,6233,18,174,0,356789
Bristol Bay West,325,Nushagak,Nushagak River,0,6233,5043,51091,0,407706
Bristol Bay West,325,Nushagak,Wood River,0,6233,8460,73842,0,430457
Bristol Bay West,326,Togiak,Togiak River,917,1732,0,0,0,356615