﻿Management Unit,District,District Name,Stream Name,Catch Daily,Catch Cum.,Daily,Cumulative,In-River Estimate,Total Run
Bristol Bay East,321,Ugashik,Ugashik River,197000,1972033,25170,1108632,0,37832923
Bristol Bay East,322,Egegik,Egegik River,110000,4555105,11862,1566126,0,38290417
Bristol Bay East,324,Naknek-Kvichak,Alagnak River,380000,6733930,39942,1420374,0,38144665
Bristol Bay East,324,Naknek-Kvichak,Kvichak River,380000,6733930,158796,4202370,0,40926661
Bristol Bay East,324,Naknek-Kvichak,Naknek River,380000,6733930,34146,2208696,0,38932987
Bristol Bay West,325,Nushagak,Igushik River,443000,23156424,22644,613650,0,37337941
Bristol Bay West,325,Nushagak,Nushagak River,443000,23156424,13036,1062599,0,37786890
Bristol Bay West,325,Nushagak,Wood River,443000,23156424,62436,7411842,0,44136133
Bristol Bay West,326,Togiak,Togiak River,29000,306799,19866,156960,0,36881251