﻿Management Unit,District,District Name,Stream Name,Catch Daily,Catch Cum.,Daily,Cumulative,In-River Estimate,Total Run
Bristol Bay East,321,Ugashik,Ugashik River,76000,121836,18276,25458,50000,1516197
Bristol Bay East,322,Egegik,Egegik River,186000,721629,59610,333894,70000,1844633
Bristol Bay East,324,Naknek-Kvichak,Kvichak River,0,12888,11196,38916,0,1479655
Bristol Bay East,324,Naknek-Kvichak,Naknek River,0,12888,68292,159420,0,1600159
Bristol Bay West,325,Nushagak,Igushik River,116000,579490,5646,30246,0,1470985
Bristol Bay West,325,Nushagak,Nushagak River,116000,579490,18896,235201,0,1675940
Bristol Bay West,325,Nushagak,Wood River,116000,579490,53820,257754,0,1698493
Bristol Bay West,326,Togiak,Togiak River,124,4896,0,0,0,1440739