﻿Management Unit,District,District Name,Stream Name,Catch Daily,Catch Cum.,Daily,Cumulative,In-River Estimate,Total Run
Bristol Bay East,321,Ugashik,Ugashik River,133000,2395481,9150,1141824,0,39975308
Bristol Bay East,322,Egegik,Egegik River,38000,4781646,0,1608354,0,40441838
Bristol Bay East,324,Naknek-Kvichak,Alagnak River,138000,7577164,55080,1553616,0,40387100
Bristol Bay East,324,Naknek-Kvichak,Kvichak River,138000,7577164,31428,4358100,0,43191584
Bristol Bay East,324,Naknek-Kvichak,Naknek River,138000,7577164,0,2221020,0,41054504
Bristol Bay West,325,Nushagak,Igushik River,130000,23720716,25092,694332,0,39527816
Bristol Bay West,325,Nushagak,Nushagak River,130000,23720716,15330,1117009,0,39950493
Bristol Bay West,325,Nushagak,Wood River,130000,23720716,0,7507254,0,46340738
Bristol Bay West,326,Togiak,Togiak River,17000,358477,15132,204234,0,39037718