﻿Management Unit,District,District Name,Stream Name,Catch Daily,Catch Cum.,Daily,Cumulative,In-River Estimate,Total Run
Bristol Bay East,321,Ugashik,Ugashik River,242000,1044751,5562,31824,50000,6110269
Bristol Bay East,322,Egegik,Egegik River,121000,1260906,43470,292602,80000,6401047
Bristol Bay East,324,Naknek-Kvichak,Kvichak River,750000,2783155,193974,635082,250000,6913527
Bristol Bay East,324,Naknek-Kvichak,Naknek River,750000,2783155,31710,328200,0,6356645
Bristol Bay West,325,Nushagak,Igushik River,221000,931939,3594,32628,0,6061073
Bristol Bay West,325,Nushagak,Nushagak River,221000,931939,4290,145432,0,6173877
Bristol Bay West,325,Nushagak,Wood River,221000,931939,10722,235722,0,6264167
Bristol Bay West,326,Togiak,Togiak River,7694,7694,0,0,0,6028445