﻿Management Unit,District,District Name,Stream Name,Catch Daily,Catch Cum.,Daily,Cumulative,In-River Estimate,Total Run
Bristol Bay East,321,Ugashik,Ugashik River,0,3696,0,0,0,1241033
Bristol Bay East,322,Egegik,Egegik River,0,29472,59634,86280,65000,1392313
Bristol Bay East,324,Naknek-Kvichak,Alagnak River,0,507,0,0,0,1241033
Bristol Bay East,324,Naknek-Kvichak,Kvichak River,0,507,24,66,0,1241099
Bristol Bay East,324,Naknek-Kvichak,Naknek River,0,507,3618,5946,0,1246979
Bristol Bay West,325,Nushagak,Igushik River,475000,1207132,2910,4932,0,1245965
Bristol Bay West,325,Nushagak,Nushagak River,475000,1207132,3523,86368,0,1327401
Bristol Bay West,325,Nushagak,Wood River,475000,1207132,15420,171972,0,1413005
Bristol Bay West,326,Togiak,Togiak River,0,226,0,0,0,1241033