﻿Management Unit,District,District Name,Stream Name,Catch Daily,Catch Cum.,Daily,Cumulative,In-River Estimate,Total Run
Bristol Bay East,321,Ugashik,Ugashik River,276000,4874776,48456,1082328,0,36275872
Bristol Bay East,322,Egegik,Egegik River,337000,10891488,0,2595042,0,37788586
Bristol Bay East,324,Naknek-Kvichak,Alagnak River,398000,7718161,26340,1896666,0,37090210
Bristol Bay East,324,Naknek-Kvichak,Kvichak River,398000,7718161,15084,2582286,0,37775830
Bristol Bay East,324,Naknek-Kvichak,Naknek River,398000,7718161,44604,1811064,0,37004608
Bristol Bay West,325,Nushagak,Igushik River,92000,11399185,14418,495114,0,35688658
Bristol Bay West,325,Nushagak,Nushagak River,92000,11399185,1440,2826867,0,38020411
Bristol Bay West,325,Nushagak,Wood River,92000,11399185,48198,4132008,0,39325552
Bristol Bay West,326,Togiak,Togiak River,16500,309934,2850,51234,0,35244778