﻿Management Unit,District,District Name,Stream Name,Catch Daily,Catch Cum.,Daily,Cumulative,In-River Estimate,Total Run
Bristol Bay East,321,Ugashik,Ugashik River,0,4022,0,0,0,74168
Bristol Bay East,322,Egegik,Egegik River,0,52498,11718,49062,0,123230
Bristol Bay East,324,Naknek-Kvichak,Kvichak River,0,2683,102,570,0,74738
Bristol Bay East,324,Naknek-Kvichak,Naknek River,0,2683,3618,6396,0,80564
Bristol Bay West,325,Nushagak,Igushik River,0,14691,0,0,0,74168
Bristol Bay West,325,Nushagak,Nushagak River,0,14691,34328,70166,0,144334
Bristol Bay West,325,Nushagak,Wood River,0,14691,10842,41619,0,115787
Bristol Bay West,326,Togiak,Togiak River,0,274,0,0,0,74168