﻿Catch Date,Management Unit Code,District Name,Fishery Name,Sockeye Count
2018-06-04,BBE,322 - Egegik,Egegik Set,8
2018-06-11,BBE,321 - Ugashik,Ugashik Drift,1
2018-06-11,BBE,322 - Egegik,Egegik Drift,143
2018-06-11,BBE,322 - Egegik,Egegik Set,234
2018-06-11,BBW,325 - Nushagak,Igushik Set,74
2018-06-12,BBE,321 - Ugashik,Ugashik Drift,5
2018-06-12,BBE,322 - Egegik,Egegik Drift,131
2018-06-12,BBE,322 - Egegik,Egegik Set,405
2018-06-12,BBW,325 - Nushagak,Igushik Set,129
2018-06-13,BBE,321 - Ugashik,Ugashik Set,25
2018-06-13,BBE,322 - Egegik,Egegik Set,89
2018-06-13,BBW,325 - Nushagak,Igushik Set,269
2018-06-14,BBE,321 - Ugashik,Ugashik Set,13
2018-06-14,BBE,322 - Egegik,Egegik Drift,841
2018-06-14,BBE,322 - Egegik,Egegik Set,716
2018-06-14,BBW,325 - Nushagak,Igushik Set,738
2018-06-15,BBE,322 - Egegik,Egegik Drift,144
2018-06-15,BBE,322 - Egegik,Egegik Set,35
2018-06-15,BBW,325 - Nushagak,Igushik Set,339
2018-06-16,BBW,325 - Nushagak,Igushik Set,875
2018-06-17,BBW,325 - Nushagak,Igushik Set,1388
2018-06-18,BBE,322 - Egegik,Egegik Drift,1504
2018-06-18,BBE,322 - Egegik,Egegik Set,2417
2018-06-18,BBE,324 - Naknek-Kvichak,Kvichak Set,11
2018-06-18,BBE,324 - Naknek-Kvichak,Naknek Set,1
2018-06-18,BBE,324 - Naknek-Kvichak,Naknek-Kvichak Drift,22
2018-06-18,BBW,325 - Nushagak,Igushik Set,882
2018-06-19,BBE,324 - Naknek-Kvichak,Kvichak Set,24
2018-06-19,BBE,324 - Naknek-Kvichak,Naknek Set,151
2018-06-19,BBE,324 - Naknek-Kvichak,Naknek-Kvichak Drift,15
2018-06-19,BBW,325 - Nushagak,Igushik Set,1605
2018-06-19,BBW,325 - Nushagak,Nushagak Set,10516
2018-06-20,BBE,322 - Egegik,Egegik Drift,5395
2018-06-20,BBE,322 - Egegik,Egegik Set,1737
2018-06-20,BBE,324 - Naknek-Kvichak,Kvichak Set,20
2018-06-20,BBE,324 - Naknek-Kvichak,Naknek Set,22
2018-06-20,BBW,325 - Nushagak,Igushik Set,2330
2018-06-20,BBW,325 - Nushagak,Nushagak Drift,112878
2018-06-20,BBW,325 - Nushagak,Nushagak Set,12173
2018-06-21,BBE,324 - Naknek-Kvichak,Kvichak Set,19
2018-06-21,BBE,324 - Naknek-Kvichak,Naknek Set,35
2018-06-21,BBE,324 - Naknek-Kvichak,Naknek-Kvichak Drift,168
2018-06-21,BBW,325 - Nushagak,Igushik Set,1082
2018-06-21,BBW,325 - Nushagak,Nushagak Drift,74097
2018-06-21,BBW,325 - Nushagak,Nushagak Set,15057
2018-06-22,BBE,322 - Egegik,Egegik Drift,8816
2018-06-22,BBE,322 - Egegik,Egegik Set,6857
2018-06-22,BBE,324 - Naknek-Kvichak,Kvichak Set,8
2018-06-22,BBE,324 - Naknek-Kvichak,Naknek Set,11
2018-06-22,BBW,325 - Nushagak,Igushik Set,600
2018-06-22,BBW,325 - Nushagak,Nushagak Drift,53985
2018-06-22,BBW,325 - Nushagak,Nushagak Set,13959
2018-06-23,BBE,321 - Ugashik,Ugashik Drift,2547
2018-06-23,BBE,321 - Ugashik,Ugashik Set,1105
2018-06-23,BBW,325 - Nushagak,Igushik Set,1136
2018-06-23,BBW,325 - Nushagak,Nushagak Drift,415011
2018-06-23,BBW,325 - Nushagak,Nushagak Set,14204
2018-06-24,BBW,325 - Nushagak,Igushik Set,1955
2018-06-24,BBW,325 - Nushagak,Nushagak Drift,399821
2018-06-24,BBW,325 - Nushagak,Nushagak Set,72767
2018-06-25,BBE,321 - Ugashik,Ugashik Set,2242
2018-06-25,BBE,322 - Egegik,Egegik Drift,71361
2018-06-25,BBE,322 - Egegik,Egegik Set,22719
2018-06-25,BBW,325 - Nushagak,Igushik Set,13886
2018-06-25,BBW,325 - Nushagak,Nushagak Drift,510063
2018-06-25,BBW,325 - Nushagak,Nushagak Set,217789
2018-06-26,BBE,322 - Egegik,Egegik Drift,41249
2018-06-26,BBE,322 - Egegik,Egegik Set,9932
2018-06-26,BBE,324 - Naknek-Kvichak,Kvichak Set,1863
2018-06-26,BBE,324 - Naknek-Kvichak,Naknek Set,4848
2018-06-26,BBE,324 - Naknek-Kvichak,Naknek-Kvichak Drift,15738
2018-06-26,BBW,325 - Nushagak,Igushik Set,536
2018-06-26,BBW,325 - Nushagak,Nushagak Drift,905412
2018-06-26,BBW,325 - Nushagak,Nushagak Set,126336
2018-06-27,BBE,321 - Ugashik,Ugashik Drift,15027
2018-06-27,BBE,321 - Ugashik,Ugashik Set,1574
2018-06-27,BBE,322 - Egegik,Egegik Drift,97353
2018-06-27,BBE,322 - Egegik,Egegik Set,5994
2018-06-27,BBE,324 - Naknek-Kvichak,Kvichak Set,3160
2018-06-27,BBE,324 - Naknek-Kvichak,Naknek Set,8899
2018-06-27,BBE,324 - Naknek-Kvichak,Naknek-Kvichak Drift,16325
2018-06-27,BBW,325 - Nushagak,Igushik Set,15241
2018-06-27,BBW,325 - Nushagak,Nushagak Drift,582353
2018-06-27,BBW,325 - Nushagak,Nushagak Set,87009
2018-06-28,BBE,321 - Ugashik,Ugashik Drift,13715
2018-06-28,BBE,321 - Ugashik,Ugashik Set,1462
2018-06-28,BBE,322 - Egegik,Egegik Drift,30669
2018-06-28,BBE,322 - Egegik,Egegik Set,8476
2018-06-28,BBE,324 - Naknek-Kvichak,Kvichak Set,15859
2018-06-28,BBE,324 - Naknek-Kvichak,Naknek Set,15416
2018-06-28,BBE,324 - Naknek-Kvichak,Naknek-Kvichak Drift,8512
2018-06-28,BBW,325 - Nushagak,Igushik Set,15482
2018-06-28,BBW,325 - Nushagak,Nushagak Drift,205624
2018-06-28,BBW,325 - Nushagak,Nushagak Set,71145
2018-06-29,BBE,321 - Ugashik,Ugashik Drift,41507
2018-06-29,BBE,321 - Ugashik,Ugashik Set,2604
2018-06-29,BBE,322 - Egegik,Egegik Drift,54960
2018-06-29,BBE,322 - Egegik,Egegik Set,14714
2018-06-29,BBE,324 - Naknek-Kvichak,Kvichak Set,5116
2018-06-29,BBE,324 - Naknek-Kvichak,Naknek Set,4464
2018-06-29,BBE,324 - Naknek-Kvichak,Naknek-Kvichak Drift,3106
2018-06-29,BBW,325 - Nushagak,Igushik Set,8842
2018-06-29,BBW,325 - Nushagak,Nushagak Drift,319104
2018-06-29,BBW,325 - Nushagak,Nushagak Set,47872
2018-06-30,BBE,321 - Ugashik,Ugashik Drift,47176
2018-06-30,BBE,321 - Ugashik,Ugashik Set,8057
2018-06-30,BBE,322 - Egegik,Egegik Drift,187986
2018-06-30,BBE,322 - Egegik,Egegik Set,29968
2018-06-30,BBE,324 - Naknek-Kvichak,Kvichak Set,8693
2018-06-30,BBE,324 - Naknek-Kvichak,Naknek Set,3056
2018-06-30,BBE,324 - Naknek-Kvichak,Naknek-Kvichak Drift,1430
2018-06-30,BBW,325 - Nushagak,Igushik Set,10720
2018-06-30,BBW,325 - Nushagak,Nushagak Drift,1481116
2018-06-30,BBW,325 - Nushagak,Nushagak Set,66410
2018-06-30,BBW,325 - Nushagak,Unspecified,660
2018-07-01,BBE,321 - Ugashik,Ugashik Drift,30147
2018-07-01,BBE,321 - Ugashik,Ugashik Set,14271
2018-07-01,BBE,322 - Egegik,Egegik Drift,146405
2018-07-01,BBE,322 - Egegik,Egegik Set,10526
2018-07-01,BBE,324 - Naknek-Kvichak,Kvichak Set,44124
2018-07-01,BBE,324 - Naknek-Kvichak,Naknek Set,69559
2018-07-01,BBE,324 - Naknek-Kvichak,Naknek-Kvichak Drift,143447
2018-07-01,BBW,325 - Nushagak,Igushik Set,35728
2018-07-01,BBW,325 - Nushagak,Nushagak Drift,1427156
2018-07-01,BBW,325 - Nushagak,Nushagak Set,221918
2018-07-01,BBW,325 - Nushagak,Unspecified,13188
2018-07-02,BBE,321 - Ugashik,Ugashik Drift,43182
2018-07-02,BBE,321 - Ugashik,Ugashik Set,7207
2018-07-02,BBE,322 - Egegik,Egegik Drift,193869
2018-07-02,BBE,322 - Egegik,Egegik Set,32933
2018-07-02,BBE,324 - Naknek-Kvichak,Kvichak Set,38622
2018-07-02,BBE,324 - Naknek-Kvichak,Naknek Set,14359
2018-07-02,BBE,324 - Naknek-Kvichak,Naknek-Kvichak Drift,13306
2018-07-02,BBW,325 - Nushagak,Igushik Set,35423
2018-07-02,BBW,325 - Nushagak,Nushagak Drift,994722
2018-07-02,BBW,325 - Nushagak,Nushagak Set,110703
2018-07-02,BBW,325 - Nushagak,Unspecified,20002
2018-07-03,BBE,324 - Naknek-Kvichak,Kvichak Set,11540
2018-07-03,BBE,324 - Naknek-Kvichak,Naknek Set,4750
2018-07-03,BBE,324 - Naknek-Kvichak,Naknek-Kvichak Drift,2740
2018-07-03,BBW,325 - Nushagak,Igushik Set,30066
2018-07-03,BBW,325 - Nushagak,Nushagak Drift,695829
2018-07-03,BBW,325 - Nushagak,Nushagak Set,102157
2018-07-03,BBW,325 - Nushagak,Unspecified,6007
2018-07-04,BBE,321 - Ugashik,Ugashik Drift,116373
2018-07-04,BBE,321 - Ugashik,Ugashik Set,15442
2018-07-04,BBE,322 - Egegik,Egegik Drift,101326
2018-07-04,BBE,322 - Egegik,Egegik Set,55314
2018-07-04,BBE,324 - Naknek-Kvichak,Kvichak Set,19385
2018-07-04,BBE,324 - Naknek-Kvichak,Naknek Set,25314
2018-07-04,BBE,324 - Naknek-Kvichak,Naknek-Kvichak Drift,102588
2018-07-04,BBW,325 - Nushagak,Igushik Set,22621
2018-07-04,BBW,325 - Nushagak,Nushagak Drift,692493
2018-07-04,BBW,325 - Nushagak,Nushagak Set,100234
2018-07-04,BBW,325 - Nushagak,Unspecified,20149
2018-07-05,BBE,322 - Egegik,Egegik Drift,135671
2018-07-05,BBE,322 - Egegik,Egegik Set,27298
2018-07-05,BBE,324 - Naknek-Kvichak,Kvichak Set,65635
2018-07-05,BBE,324 - Naknek-Kvichak,Naknek Set,66258
2018-07-05,BBE,324 - Naknek-Kvichak,Naknek-Kvichak Drift,152926
2018-07-05,BBW,325 - Nushagak,Igushik Set,22928
2018-07-05,BBW,325 - Nushagak,Nushagak Drift,826338
2018-07-05,BBW,325 - Nushagak,Nushagak Set,87133
2018-07-05,BBW,325 - Nushagak,Unspecified,26156
2018-07-06,BBE,321 - Ugashik,Ugashik Drift,21876
2018-07-06,BBE,321 - Ugashik,Ugashik Set,14080
2018-07-06,BBE,322 - Egegik,Egegik Drift,194498
2018-07-06,BBE,322 - Egegik,Egegik Set,35135
2018-07-06,BBE,324 - Naknek-Kvichak,Naknek Set,36736
2018-07-06,BBE,324 - Naknek-Kvichak,Naknek-Kvichak Drift,173686
2018-07-06,BBW,325 - Nushagak,Igushik Set,33637
2018-07-06,BBW,325 - Nushagak,Nushagak Drift,904270
2018-07-06,BBW,325 - Nushagak,Nushagak Set,104973
2018-07-06,BBW,325 - Nushagak,Unspecified,41242
2018-07-07,BBE,321 - Ugashik,Ugashik Drift,11373
2018-07-07,BBE,322 - Egegik,Egegik Drift,71136
2018-07-07,BBE,322 - Egegik,Egegik Set,36006
2018-07-07,BBE,324 - Naknek-Kvichak,Naknek Set,19104
2018-07-07,BBE,324 - Naknek-Kvichak,Naknek-Kvichak Drift,95059
2018-07-07,BBW,325 - Nushagak,Igushik Set,8718
2018-07-07,BBW,325 - Nushagak,Nushagak Drift,671093
2018-07-07,BBW,325 - Nushagak,Nushagak Set,101996
2018-07-07,BBW,325 - Nushagak,Unspecified,18604
2018-07-08,BBE,322 - Egegik,Egegik Drift,46518
2018-07-08,BBE,322 - Egegik,Egegik Set,12685
2018-07-08,BBE,324 - Naknek-Kvichak,Unspecified,151049
2018-07-08,BBW,325 - Nushagak,Igushik Set,16936
2018-07-08,BBW,325 - Nushagak,Nushagak Drift,725712
2018-07-08,BBW,325 - Nushagak,Nushagak Set,127943
2018-07-08,BBW,325 - Nushagak,Unspecified,36563
2018-07-09,BBE,322 - Egegik,Egegik Drift,66811
2018-07-09,BBE,322 - Egegik,Egegik Set,53203
2018-07-09,BBE,324 - Naknek-Kvichak,Unspecified,165852
2018-07-09,BBW,325 - Nushagak,Igushik Set,17077
2018-07-09,BBW,325 - Nushagak,Nushagak Drift,712125
2018-07-09,BBW,325 - Nushagak,Nushagak Set,95745
2018-07-09,BBW,325 - Nushagak,Unspecified,41540
2018-07-10,BBE,322 - Egegik,Egegik Drift,223127
2018-07-10,BBE,322 - Egegik,Egegik Set,74367
2018-07-10,BBE,324 - Naknek-Kvichak,Unspecified,247446
2018-07-10,BBW,325 - Nushagak,Igushik Set,20682
2018-07-10,BBW,325 - Nushagak,Nushagak Drift,1173331
2018-07-10,BBW,325 - Nushagak,Nushagak Set,158427
2018-07-10,BBW,325 - Nushagak,Unspecified,67212