﻿Management Unit,District,District Name,Stream Name,Catch Daily,Catch Cum.,Daily,Cumulative,In-River Estimate,Total Run
Bristol Bay East,321,Ugashik,Ugashik River,0,411011,44580,164694,87000,21141029
Bristol Bay East,322,Egegik,Egegik River,300000,2124187,22290,1036266,50000,21975601
Bristol Bay East,324,Naknek-Kvichak,Alagnak River,283000,1816031,59364,320220,0,21209555
Bristol Bay East,324,Naknek-Kvichak,Kvichak River,283000,1816031,123498,874146,250000,22013481
Bristol Bay East,324,Naknek-Kvichak,Naknek River,283000,1816031,146136,1188510,0,22077845
Bristol Bay West,325,Nushagak,Igushik River,1420000,16462595,30054,262122,0,21151457
Bristol Bay West,325,Nushagak,Nushagak River,1420000,16462595,47202,698205,0,21587540
Bristol Bay West,325,Nushagak,Wood River,1420000,16462595,236562,5267676,0,26157011
Bristol Bay West,326,Togiak,Togiak River,15800,75511,4824,25884,0,20915219