﻿Management Unit,District,District Name,Stream Name,Catch Daily,Catch Cum.,Daily,Cumulative,In-River Estimate,Total Run
Bristol Bay East,321,Ugashik,Ugashik River,0,0,0,0,0,158748
Bristol Bay East,322,Egegik,Egegik River,46000,145823,19854,90162,0,248910
Bristol Bay East,324,Naknek-Kvichak,Kvichak River,2700,12455,120,456,0,159204
Bristol Bay East,324,Naknek-Kvichak,Naknek River,2700,12455,534,1020,0,159768
Bristol Bay West,325,Nushagak,Igushik River,0,0,186,468,0,159216
Bristol Bay West,325,Nushagak,Nushagak River,0,0,8374,30432,0,189180
Bristol Bay West,325,Nushagak,Wood River,0,0,8262,20058,0,178806
Bristol Bay West,326,Togiak,Togiak River,0,470,0,0,0,158748