﻿Management Unit,District,District Name,Stream Name,Catch Daily,Catch Cum.,Daily,Cumulative,In-River Estimate,Total Run
Bristol Bay East,321,Ugashik,Ugashik River,119000,511833,42522,182112,100000,5926448
Bristol Bay East,322,Egegik,Egegik River,350000,2104999,129594,638550,120000,6402886
Bristol Bay East,324,Naknek-Kvichak,Kvichak River,504000,1198719,35268,180186,350000,6174522
Bristol Bay East,324,Naknek-Kvichak,Naknek River,504000,1198719,123588,413928,0,6058264
Bristol Bay West,325,Nushagak,Igushik River,342000,1804777,17394,92896,0,5737232
Bristol Bay West,325,Nushagak,Nushagak River,342000,1804777,13571,357930,0,6002266
Bristol Bay West,325,Nushagak,Wood River,342000,1804777,71928,584130,0,6228466
Bristol Bay West,326,Togiak,Togiak River,4000,24008,0,0,0,5644336